lon,lat,dep,Vs
-113.90,37.20,0,1.77
-113.90,37.20,1,2.71
-113.90,37.20,2,2.71
-113.90,37.20,3,2.71
-113.90,37.20,4,3.49
-113.90,37.20,5,3.49
-113.90,37.40,0,1.73
-113.90,37.40,1,2.71
-113.90,37.40,2,2.71
-113.90,37.40,3,2.71
-113.90,37.40,4,3.48
-113.90,37.40,5,3.48
-113.90,37.60,0,1.69
-113.90,37.60,1,2.74
-113.90,37.60,2,2.74
-113.90,37.60,3,2.74
-113.90,37.60,4,3.47
-113.90,37.60,5,3.47
-113.90,37.80,0,1.64
-113.90,37.80,1,2.78
-113.90,37.80,2,2.78
-113.90,37.80,3,2.78
-113.90,37.80,4,3.47
-113.90,37.80,5,3.47
-113.90,38.00,0,1.63
-113.90,38.00,1,2.85
-113.90,38.00,2,2.85
-113.90,38.00,3,2.85
-113.90,38.00,4,3.47
-113.90,38.00,5,3.47
-113.90,38.20,0,1.64
-113.90,38.20,1,2.93
-113.90,38.20,2,2.93
-113.90,38.20,3,2.93
-113.90,38.20,4,3.48
-113.90,38.20,5,3.48
-113.90,38.40,0,1.65
-113.90,38.40,1,3.05
-113.90,38.40,2,3.05
-113.90,38.40,3,3.05
-113.90,38.40,4,3.49
-113.90,38.40,5,3.49
-113.90,38.60,0,1.73
-113.90,38.60,1,3.13
-113.90,38.60,2,3.13
-113.90,38.60,3,3.13
-113.90,38.60,4,3.49
-113.90,38.60,5,3.49
-113.90,38.80,0,1.97
-113.90,38.80,1,3.04
-113.90,38.80,2,3.04
-113.90,38.80,3,3.04
-113.90,38.80,4,3.52
-113.90,38.80,5,3.52
-113.90,39.00,0,2.18
-113.90,39.00,1,2.97
-113.90,39.00,2,2.97
-113.90,39.00,3,2.97
-113.90,39.00,4,3.53
-113.90,39.00,5,3.53
-113.90,39.20,0,2.21
-113.90,39.20,1,2.99
-113.90,39.20,2,2.99
-113.90,39.20,3,2.99
-113.90,39.20,4,3.52
-113.90,39.20,5,3.52
-113.90,39.40,0,2.16
-113.90,39.40,1,3.01
-113.90,39.40,2,3.01
-113.90,39.40,3,3.01
-113.90,39.40,4,3.52
-113.90,39.40,5,3.52
-113.90,39.60,0,1.94
-113.90,39.60,1,3.13
-113.90,39.60,2,3.13
-113.90,39.60,3,3.13
-113.90,39.60,4,3.51
-113.90,39.60,5,3.51
-113.90,39.80,0,1.89
-113.90,39.80,1,3.13
-113.90,39.80,2,3.13
-113.90,39.80,3,3.13
-113.90,39.80,4,3.52
-113.90,39.80,5,3.52
-113.90,40.00,0,1.77
-113.90,40.00,1,3.19
-113.90,40.00,2,3.19
-113.90,40.00,3,3.19
-113.90,40.00,4,3.50
-113.90,40.00,5,3.50
-113.90,40.20,0,1.75
-113.90,40.20,1,3.18
-113.90,40.20,2,3.18
-113.90,40.20,3,3.18
-113.90,40.20,4,3.49
-113.90,40.20,5,3.49
-113.90,40.40,0,1.81
-113.90,40.40,1,3.14
-113.90,40.40,2,3.14
-113.90,40.40,3,3.14
-113.90,40.40,4,3.48
-113.90,40.40,5,3.48
-113.90,40.60,0,1.88
-113.90,40.60,1,3.08
-113.90,40.60,2,3.08
-113.90,40.60,3,3.08
-113.90,40.60,4,3.48
-113.90,40.60,5,3.48
-113.90,40.80,0,1.93
-113.90,40.80,1,3.05
-113.90,40.80,2,3.05
-113.90,40.80,3,3.05
-113.90,40.80,4,3.48
-113.90,40.80,5,3.48
-113.90,41.00,0,1.91
-113.90,41.00,1,3.07
-113.90,41.00,2,3.07
-113.90,41.00,3,3.07
-113.90,41.00,4,3.48
-113.90,41.00,5,3.48
-113.90,41.20,0,1.92
-113.90,41.20,1,3.09
-113.90,41.20,2,3.09
-113.90,41.20,3,3.09
-113.90,41.20,4,3.49
-113.90,41.20,5,3.49
-113.90,41.40,0,1.90
-113.90,41.40,1,3.13
-113.90,41.40,2,3.13
-113.90,41.40,3,3.13
-113.90,41.40,4,3.50
-113.90,41.40,5,3.50
-113.90,41.60,0,1.91
-113.90,41.60,1,3.18
-113.90,41.60,2,3.18
-113.90,41.60,3,3.18
-113.90,41.60,4,3.51
-113.90,41.60,5,3.51
-113.90,41.80,0,1.91
-113.90,41.80,1,3.18
-113.90,41.80,2,3.18
-113.90,41.80,3,3.18
-113.90,41.80,4,3.51
-113.90,41.80,5,3.51
-113.70,37.20,0,1.84
-113.70,37.20,1,2.68
-113.70,37.20,2,2.68
-113.70,37.20,3,2.68
-113.70,37.20,4,3.49
-113.70,37.20,5,3.49
-113.70,37.40,0,1.79
-113.70,37.40,1,2.67
-113.70,37.40,2,2.67
-113.70,37.40,3,2.67
-113.70,37.40,4,3.47
-113.70,37.40,5,3.47
-113.70,37.60,0,1.73
-113.70,37.60,1,2.70
-113.70,37.60,2,2.70
-113.70,37.60,3,2.70
-113.70,37.60,4,3.46
-113.70,37.60,5,3.46
-113.70,37.80,0,1.64
-113.70,37.80,1,2.75
-113.70,37.80,2,2.75
-113.70,37.80,3,2.75
-113.70,37.80,4,3.45
-113.70,37.80,5,3.45
-113.70,38.00,0,1.61
-113.70,38.00,1,2.80
-113.70,38.00,2,2.80
-113.70,38.00,3,2.80
-113.70,38.00,4,3.47
-113.70,38.00,5,3.47
-113.70,38.20,0,1.62
-113.70,38.20,1,2.90
-113.70,38.20,2,2.90
-113.70,38.20,3,2.90
-113.70,38.20,4,3.48
-113.70,38.20,5,3.48
-113.70,38.40,0,1.68
-113.70,38.40,1,2.97
-113.70,38.40,2,2.97
-113.70,38.40,3,2.97
-113.70,38.40,4,3.49
-113.70,38.40,5,3.49
-113.70,38.60,0,1.76
-113.70,38.60,1,3.07
-113.70,38.60,2,3.07
-113.70,38.60,3,3.07
-113.70,38.60,4,3.50
-113.70,38.60,5,3.50
-113.70,38.80,0,2.05
-113.70,38.80,1,2.96
-113.70,38.80,2,2.96
-113.70,38.80,3,2.96
-113.70,38.80,4,3.52
-113.70,38.80,5,3.52
-113.70,39.00,0,2.21
-113.70,39.00,1,2.95
-113.70,39.00,2,2.95
-113.70,39.00,3,2.95
-113.70,39.00,4,3.52
-113.70,39.00,5,3.52
-113.70,39.20,0,2.24
-113.70,39.20,1,2.99
-113.70,39.20,2,2.99
-113.70,39.20,3,2.99
-113.70,39.20,4,3.50
-113.70,39.20,5,3.50
-113.70,39.40,0,2.20
-113.70,39.40,1,2.99
-113.70,39.40,2,2.99
-113.70,39.40,3,2.99
-113.70,39.40,4,3.51
-113.70,39.40,5,3.51
-113.70,39.60,0,2.06
-113.70,39.60,1,3.04
-113.70,39.60,2,3.04
-113.70,39.60,3,3.04
-113.70,39.60,4,3.51
-113.70,39.60,5,3.51
-113.70,39.80,0,1.98
-113.70,39.80,1,3.05
-113.70,39.80,2,3.05
-113.70,39.80,3,3.05
-113.70,39.80,4,3.52
-113.70,39.80,5,3.52
-113.70,40.00,0,1.86
-113.70,40.00,1,3.10
-113.70,40.00,2,3.10
-113.70,40.00,3,3.10
-113.70,40.00,4,3.51
-113.70,40.00,5,3.51
-113.70,40.20,0,1.81
-113.70,40.20,1,3.10
-113.70,40.20,2,3.10
-113.70,40.20,3,3.10
-113.70,40.20,4,3.50
-113.70,40.20,5,3.50
-113.70,40.40,0,1.82
-113.70,40.40,1,3.09
-113.70,40.40,2,3.09
-113.70,40.40,3,3.09
-113.70,40.40,4,3.48
-113.70,40.40,5,3.48
-113.70,40.60,0,1.86
-113.70,40.60,1,3.06
-113.70,40.60,2,3.06
-113.70,40.60,3,3.06
-113.70,40.60,4,3.49
-113.70,40.60,5,3.49
-113.70,40.80,0,1.89
-113.70,40.80,1,3.05
-113.70,40.80,2,3.05
-113.70,40.80,3,3.05
-113.70,40.80,4,3.48
-113.70,40.80,5,3.48
-113.70,41.00,0,1.91
-113.70,41.00,1,3.07
-113.70,41.00,2,3.07
-113.70,41.00,3,3.07
-113.70,41.00,4,3.48
-113.70,41.00,5,3.48
-113.70,41.20,0,1.91
-113.70,41.20,1,3.11
-113.70,41.20,2,3.11
-113.70,41.20,3,3.11
-113.70,41.20,4,3.48
-113.70,41.20,5,3.48
-113.70,41.40,0,1.90
-113.70,41.40,1,3.16
-113.70,41.40,2,3.16
-113.70,41.40,3,3.16
-113.70,41.40,4,3.50
-113.70,41.40,5,3.50
-113.70,41.60,0,1.90
-113.70,41.60,1,3.21
-113.70,41.60,2,3.21
-113.70,41.60,3,3.21
-113.70,41.60,4,3.51
-113.70,41.60,5,3.51
-113.70,41.80,0,1.92
-113.70,41.80,1,3.20
-113.70,41.80,2,3.20
-113.70,41.80,3,3.20
-113.70,41.80,4,3.52
-113.70,41.80,5,3.52
-113.50,37.20,0,1.90
-113.50,37.20,1,2.70
-113.50,37.20,2,2.70
-113.50,37.20,3,2.70
-113.50,37.20,4,3.49
-113.50,37.20,5,3.49
-113.50,37.40,0,1.84
-113.50,37.40,1,2.68
-113.50,37.40,2,2.68
-113.50,37.40,3,2.68
-113.50,37.40,4,3.46
-113.50,37.40,5,3.46
-113.50,37.60,0,1.74
-113.50,37.60,1,2.71
-113.50,37.60,2,2.71
-113.50,37.60,3,2.71
-113.50,37.60,4,3.44
-113.50,37.60,5,3.44
-113.50,37.80,0,1.65
-113.50,37.80,1,2.73
-113.50,37.80,2,2.73
-113.50,37.80,3,2.73
-113.50,37.80,4,3.44
-113.50,37.80,5,3.44
-113.50,38.00,0,1.61
-113.50,38.00,1,2.77
-113.50,38.00,2,2.77
-113.50,38.00,3,2.77
-113.50,38.00,4,3.46
-113.50,38.00,5,3.46
-113.50,38.20,0,1.55
-113.50,38.20,1,2.91
-113.50,38.20,2,2.91
-113.50,38.20,3,2.91
-113.50,38.20,4,3.46
-113.50,38.20,5,3.46
-113.50,38.40,0,1.62
-113.50,38.40,1,2.96
-113.50,38.40,2,2.96
-113.50,38.40,3,2.96
-113.50,38.40,4,3.47
-113.50,38.40,5,3.47
-113.50,38.60,0,1.72
-113.50,38.60,1,3.02
-113.50,38.60,2,3.02
-113.50,38.60,3,3.02
-113.50,38.60,4,3.48
-113.50,38.60,5,3.48
-113.50,38.80,0,2.07
-113.50,38.80,1,2.91
-113.50,38.80,2,2.91
-113.50,38.80,3,2.91
-113.50,38.80,4,3.50
-113.50,38.80,5,3.50
-113.50,39.00,0,2.19
-113.50,39.00,1,2.92
-113.50,39.00,2,2.92
-113.50,39.00,3,2.92
-113.50,39.00,4,3.50
-113.50,39.00,5,3.50
-113.50,39.20,0,2.25
-113.50,39.20,1,2.96
-113.50,39.20,2,2.96
-113.50,39.20,3,2.96
-113.50,39.20,4,3.47
-113.50,39.20,5,3.47
-113.50,39.40,0,2.23
-113.50,39.40,1,2.95
-113.50,39.40,2,2.95
-113.50,39.40,3,2.95
-113.50,39.40,4,3.47
-113.50,39.40,5,3.47
-113.50,39.60,0,2.18
-113.50,39.60,1,2.93
-113.50,39.60,2,2.93
-113.50,39.60,3,2.93
-113.50,39.60,4,3.48
-113.50,39.60,5,3.48
-113.50,39.80,0,2.08
-113.50,39.80,1,2.93
-113.50,39.80,2,2.93
-113.50,39.80,3,2.93
-113.50,39.80,4,3.50
-113.50,39.80,5,3.50
-113.50,40.00,0,1.87
-113.50,40.00,1,2.98
-113.50,40.00,2,2.98
-113.50,40.00,3,2.98
-113.50,40.00,4,3.51
-113.50,40.00,5,3.51
-113.50,40.20,0,1.80
-113.50,40.20,1,3.00
-113.50,40.20,2,3.00
-113.50,40.20,3,3.00
-113.50,40.20,4,3.50
-113.50,40.20,5,3.50
-113.50,40.40,0,1.80
-113.50,40.40,1,2.99
-113.50,40.40,2,2.99
-113.50,40.40,3,2.99
-113.50,40.40,4,3.49
-113.50,40.40,5,3.49
-113.50,40.60,0,1.82
-113.50,40.60,1,2.97
-113.50,40.60,2,2.97
-113.50,40.60,3,2.97
-113.50,40.60,4,3.50
-113.50,40.60,5,3.50
-113.50,40.80,0,1.85
-113.50,40.80,1,3.01
-113.50,40.80,2,3.01
-113.50,40.80,3,3.01
-113.50,40.80,4,3.47
-113.50,40.80,5,3.47
-113.50,41.00,0,1.88
-113.50,41.00,1,3.04
-113.50,41.00,2,3.04
-113.50,41.00,3,3.04
-113.50,41.00,4,3.47
-113.50,41.00,5,3.47
-113.50,41.20,0,1.91
-113.50,41.20,1,3.09
-113.50,41.20,2,3.09
-113.50,41.20,3,3.09
-113.50,41.20,4,3.47
-113.50,41.20,5,3.47
-113.50,41.40,0,1.92
-113.50,41.40,1,3.16
-113.50,41.40,2,3.16
-113.50,41.40,3,3.16
-113.50,41.40,4,3.48
-113.50,41.40,5,3.48
-113.50,41.60,0,1.92
-113.50,41.60,1,3.20
-113.50,41.60,2,3.20
-113.50,41.60,3,3.20
-113.50,41.60,4,3.49
-113.50,41.60,5,3.49
-113.50,41.80,0,1.94
-113.50,41.80,1,3.21
-113.50,41.80,2,3.21
-113.50,41.80,3,3.21
-113.50,41.80,4,3.51
-113.50,41.80,5,3.51
-113.30,37.20,0,1.97
-113.30,37.20,1,2.71
-113.30,37.20,2,2.71
-113.30,37.20,3,2.71
-113.30,37.20,4,3.49
-113.30,37.20,5,3.49
-113.30,37.40,0,1.83
-113.30,37.40,1,2.69
-113.30,37.40,2,2.69
-113.30,37.40,3,2.69
-113.30,37.40,4,3.46
-113.30,37.40,5,3.46
-113.30,37.60,0,1.71
-113.30,37.60,1,2.68
-113.30,37.60,2,2.68
-113.30,37.60,3,2.68
-113.30,37.60,4,3.44
-113.30,37.60,5,3.44
-113.30,37.80,0,1.64
-113.30,37.80,1,2.68
-113.30,37.80,2,2.68
-113.30,37.80,3,2.68
-113.30,37.80,4,3.45
-113.30,37.80,5,3.45
-113.30,38.00,0,1.61
-113.30,38.00,1,2.73
-113.30,38.00,2,2.73
-113.30,38.00,3,2.73
-113.30,38.00,4,3.46
-113.30,38.00,5,3.46
-113.30,38.20,0,1.51
-113.30,38.20,1,2.88
-113.30,38.20,2,2.88
-113.30,38.20,3,2.88
-113.30,38.20,4,3.45
-113.30,38.20,5,3.45
-113.30,38.40,0,1.55
-113.30,38.40,1,2.98
-113.30,38.40,2,2.98
-113.30,38.40,3,2.98
-113.30,38.40,4,3.45
-113.30,38.40,5,3.45
-113.30,38.60,0,1.63
-113.30,38.60,1,3.06
-113.30,38.60,2,3.06
-113.30,38.60,3,3.06
-113.30,38.60,4,3.43
-113.30,38.60,5,3.43
-113.30,38.80,0,2.05
-113.30,38.80,1,2.89
-113.30,38.80,2,2.89
-113.30,38.80,3,2.89
-113.30,38.80,4,3.46
-113.30,38.80,5,3.46
-113.30,39.00,0,2.18
-113.30,39.00,1,2.90
-113.30,39.00,2,2.90
-113.30,39.00,3,2.90
-113.30,39.00,4,3.45
-113.30,39.00,5,3.45
-113.30,39.20,0,2.23
-113.30,39.20,1,2.93
-113.30,39.20,2,2.93
-113.30,39.20,3,2.93
-113.30,39.20,4,3.43
-113.30,39.20,5,3.43
-113.30,39.40,0,2.17
-113.30,39.40,1,2.96
-113.30,39.40,2,2.96
-113.30,39.40,3,2.96
-113.30,39.40,4,3.42
-113.30,39.40,5,3.42
-113.30,39.60,0,2.07
-113.30,39.60,1,2.93
-113.30,39.60,2,2.93
-113.30,39.60,3,2.93
-113.30,39.60,4,3.45
-113.30,39.60,5,3.45
-113.30,39.80,0,2.01
-113.30,39.80,1,2.88
-113.30,39.80,2,2.88
-113.30,39.80,3,2.88
-113.30,39.80,4,3.48
-113.30,39.80,5,3.48
-113.30,40.00,0,1.83
-113.30,40.00,1,2.88
-113.30,40.00,2,2.88
-113.30,40.00,3,2.88
-113.30,40.00,4,3.50
-113.30,40.00,5,3.50
-113.30,40.20,0,1.74
-113.30,40.20,1,2.88
-113.30,40.20,2,2.88
-113.30,40.20,3,2.88
-113.30,40.20,4,3.51
-113.30,40.20,5,3.51
-113.30,40.40,0,1.72
-113.30,40.40,1,2.88
-113.30,40.40,2,2.88
-113.30,40.40,3,2.88
-113.30,40.40,4,3.50
-113.30,40.40,5,3.50
-113.30,40.60,0,1.73
-113.30,40.60,1,2.86
-113.30,40.60,2,2.86
-113.30,40.60,3,2.86
-113.30,40.60,4,3.50
-113.30,40.60,5,3.50
-113.30,40.80,0,1.77
-113.30,40.80,1,2.92
-113.30,40.80,2,2.92
-113.30,40.80,3,2.92
-113.30,40.80,4,3.47
-113.30,40.80,5,3.47
-113.30,41.00,0,1.83
-113.30,41.00,1,2.97
-113.30,41.00,2,2.97
-113.30,41.00,3,2.97
-113.30,41.00,4,3.45
-113.30,41.00,5,3.45
-113.30,41.20,0,1.91
-113.30,41.20,1,3.02
-113.30,41.20,2,3.02
-113.30,41.20,3,3.02
-113.30,41.20,4,3.45
-113.30,41.20,5,3.45
-113.30,41.40,0,1.95
-113.30,41.40,1,3.08
-113.30,41.40,2,3.08
-113.30,41.40,3,3.08
-113.30,41.40,4,3.46
-113.30,41.40,5,3.46
-113.30,41.60,0,1.98
-113.30,41.60,1,3.12
-113.30,41.60,2,3.12
-113.30,41.60,3,3.12
-113.30,41.60,4,3.47
-113.30,41.60,5,3.47
-113.30,41.80,0,1.99
-113.30,41.80,1,3.16
-113.30,41.80,2,3.16
-113.30,41.80,3,3.16
-113.30,41.80,4,3.49
-113.30,41.80,5,3.49
-113.10,37.20,0,2.01
-113.10,37.20,1,2.69
-113.10,37.20,2,2.69
-113.10,37.20,3,2.69
-113.10,37.20,4,3.49
-113.10,37.20,5,3.49
-113.10,37.40,0,1.84
-113.10,37.40,1,2.65
-113.10,37.40,2,2.65
-113.10,37.40,3,2.65
-113.10,37.40,4,3.47
-113.10,37.40,5,3.47
-113.10,37.60,0,1.72
-113.10,37.60,1,2.61
-113.10,37.60,2,2.61
-113.10,37.60,3,2.61
-113.10,37.60,4,3.45
-113.10,37.60,5,3.45
-113.10,37.80,0,1.62
-113.10,37.80,1,2.63
-113.10,37.80,2,2.63
-113.10,37.80,3,2.63
-113.10,37.80,4,3.45
-113.10,37.80,5,3.45
-113.10,38.00,0,1.58
-113.10,38.00,1,2.66
-113.10,38.00,2,2.66
-113.10,38.00,3,2.66
-113.10,38.00,4,3.45
-113.10,38.00,5,3.45
-113.10,38.20,0,1.52
-113.10,38.20,1,2.78
-113.10,38.20,2,2.78
-113.10,38.20,3,2.78
-113.10,38.20,4,3.45
-113.10,38.20,5,3.45
-113.10,38.40,0,1.53
-113.10,38.40,1,2.95
-113.10,38.40,2,2.95
-113.10,38.40,3,2.95
-113.10,38.40,4,3.43
-113.10,38.40,5,3.43
-113.10,38.60,0,1.67
-113.10,38.60,1,3.02
-113.10,38.60,2,3.02
-113.10,38.60,3,3.02
-113.10,38.60,4,3.40
-113.10,38.60,5,3.40
-113.10,38.80,0,1.97
-113.10,38.80,1,2.93
-113.10,38.80,2,2.93
-113.10,38.80,3,2.93
-113.10,38.80,4,3.42
-113.10,38.80,5,3.42
-113.10,39.00,0,2.12
-113.10,39.00,1,2.92
-113.10,39.00,2,2.92
-113.10,39.00,3,2.92
-113.10,39.00,4,3.40
-113.10,39.00,5,3.40
-113.10,39.20,0,2.15
-113.10,39.20,1,2.95
-113.10,39.20,2,2.95
-113.10,39.20,3,2.95
-113.10,39.20,4,3.38
-113.10,39.20,5,3.38
-113.10,39.40,0,2.10
-113.10,39.40,1,2.98
-113.10,39.40,2,2.98
-113.10,39.40,3,2.98
-113.10,39.40,4,3.37
-113.10,39.40,5,3.37
-113.10,39.60,0,1.95
-113.10,39.60,1,2.93
-113.10,39.60,2,2.93
-113.10,39.60,3,2.93
-113.10,39.60,4,3.42
-113.10,39.60,5,3.42
-113.10,39.80,0,1.87
-113.10,39.80,1,2.86
-113.10,39.80,2,2.86
-113.10,39.80,3,2.86
-113.10,39.80,4,3.46
-113.10,39.80,5,3.46
-113.10,40.00,0,1.79
-113.10,40.00,1,2.81
-113.10,40.00,2,2.81
-113.10,40.00,3,2.81
-113.10,40.00,4,3.48
-113.10,40.00,5,3.48
-113.10,40.20,0,1.71
-113.10,40.20,1,2.78
-113.10,40.20,2,2.78
-113.10,40.20,3,2.78
-113.10,40.20,4,3.50
-113.10,40.20,5,3.50
-113.10,40.40,0,1.65
-113.10,40.40,1,2.76
-113.10,40.40,2,2.76
-113.10,40.40,3,2.76
-113.10,40.40,4,3.50
-113.10,40.40,5,3.50
-113.10,40.60,0,1.65
-113.10,40.60,1,2.77
-113.10,40.60,2,2.77
-113.10,40.60,3,2.77
-113.10,40.60,4,3.50
-113.10,40.60,5,3.50
-113.10,40.80,0,1.68
-113.10,40.80,1,2.84
-113.10,40.80,2,2.84
-113.10,40.80,3,2.84
-113.10,40.80,4,3.47
-113.10,40.80,5,3.47
-113.10,41.00,0,1.77
-113.10,41.00,1,2.89
-113.10,41.00,2,2.89
-113.10,41.00,3,2.89
-113.10,41.00,4,3.44
-113.10,41.00,5,3.44
-113.10,41.20,0,1.91
-113.10,41.20,1,2.94
-113.10,41.20,2,2.94
-113.10,41.20,3,2.94
-113.10,41.20,4,3.43
-113.10,41.20,5,3.43
-113.10,41.40,0,1.97
-113.10,41.40,1,2.99
-113.10,41.40,2,2.99
-113.10,41.40,3,2.99
-113.10,41.40,4,3.43
-113.10,41.40,5,3.43
-113.10,41.60,0,2.03
-113.10,41.60,1,3.02
-113.10,41.60,2,3.02
-113.10,41.60,3,3.02
-113.10,41.60,4,3.44
-113.10,41.60,5,3.44
-113.10,41.80,0,2.04
-113.10,41.80,1,3.09
-113.10,41.80,2,3.09
-113.10,41.80,3,3.09
-113.10,41.80,4,3.44
-113.10,41.80,5,3.44
-112.90,37.20,0,2.00
-112.90,37.20,1,2.68
-112.90,37.20,2,2.68
-112.90,37.20,3,2.68
-112.90,37.20,4,3.49
-112.90,37.20,5,3.49
-112.90,37.40,0,1.85
-112.90,37.40,1,2.59
-112.90,37.40,2,2.59
-112.90,37.40,3,2.59
-112.90,37.40,4,3.48
-112.90,37.40,5,3.48
-112.90,37.60,0,1.69
-112.90,37.60,1,2.58
-112.90,37.60,2,2.58
-112.90,37.60,3,2.58
-112.90,37.60,4,3.46
-112.90,37.60,5,3.46
-112.90,37.80,0,1.58
-112.90,37.80,1,2.60
-112.90,37.80,2,2.60
-112.90,37.80,3,2.60
-112.90,37.80,4,3.45
-112.90,37.80,5,3.45
-112.90,38.00,0,1.53
-112.90,38.00,1,2.61
-112.90,38.00,2,2.61
-112.90,38.00,3,2.61
-112.90,38.00,4,3.45
-112.90,38.00,5,3.45
-112.90,38.20,0,1.51
-112.90,38.20,1,2.74
-112.90,38.20,2,2.74
-112.90,38.20,3,2.74
-112.90,38.20,4,3.44
-112.90,38.20,5,3.44
-112.90,38.40,0,1.53
-112.90,38.40,1,2.89
-112.90,38.40,2,2.89
-112.90,38.40,3,2.89
-112.90,38.40,4,3.42
-112.90,38.40,5,3.42
-112.90,38.60,0,1.66
-112.90,38.60,1,3.01
-112.90,38.60,2,3.01
-112.90,38.60,3,3.01
-112.90,38.60,4,3.40
-112.90,38.60,5,3.40
-112.90,38.80,0,1.91
-112.90,38.80,1,2.96
-112.90,38.80,2,2.96
-112.90,38.80,3,2.96
-112.90,38.80,4,3.39
-112.90,38.80,5,3.39
-112.90,39.00,0,2.06
-112.90,39.00,1,2.93
-112.90,39.00,2,2.93
-112.90,39.00,3,2.93
-112.90,39.00,4,3.37
-112.90,39.00,5,3.37
-112.90,39.20,0,2.12
-112.90,39.20,1,2.94
-112.90,39.20,2,2.94
-112.90,39.20,3,2.94
-112.90,39.20,4,3.36
-112.90,39.20,5,3.36
-112.90,39.40,0,2.10
-112.90,39.40,1,2.91
-112.90,39.40,2,2.91
-112.90,39.40,3,2.91
-112.90,39.40,4,3.37
-112.90,39.40,5,3.37
-112.90,39.60,0,1.98
-112.90,39.60,1,2.85
-112.90,39.60,2,2.85
-112.90,39.60,3,2.85
-112.90,39.60,4,3.41
-112.90,39.60,5,3.41
-112.90,39.80,0,1.83
-112.90,39.80,1,2.82
-112.90,39.80,2,2.82
-112.90,39.80,3,2.82
-112.90,39.80,4,3.44
-112.90,39.80,5,3.44
-112.90,40.00,0,1.75
-112.90,40.00,1,2.74
-112.90,40.00,2,2.74
-112.90,40.00,3,2.74
-112.90,40.00,4,3.47
-112.90,40.00,5,3.47
-112.90,40.20,0,1.67
-112.90,40.20,1,2.71
-112.90,40.20,2,2.71
-112.90,40.20,3,2.71
-112.90,40.20,4,3.49
-112.90,40.20,5,3.49
-112.90,40.40,0,1.60
-112.90,40.40,1,2.70
-112.90,40.40,2,2.70
-112.90,40.40,3,2.70
-112.90,40.40,4,3.49
-112.90,40.40,5,3.49
-112.90,40.60,0,1.59
-112.90,40.60,1,2.70
-112.90,40.60,2,2.70
-112.90,40.60,3,2.70
-112.90,40.60,4,3.49
-112.90,40.60,5,3.49
-112.90,40.80,0,1.63
-112.90,40.80,1,2.77
-112.90,40.80,2,2.77
-112.90,40.80,3,2.77
-112.90,40.80,4,3.46
-112.90,40.80,5,3.46
-112.90,41.00,0,1.70
-112.90,41.00,1,2.82
-112.90,41.00,2,2.82
-112.90,41.00,3,2.82
-112.90,41.00,4,3.43
-112.90,41.00,5,3.43
-112.90,41.20,0,1.87
-112.90,41.20,1,2.86
-112.90,41.20,2,2.86
-112.90,41.20,3,2.86
-112.90,41.20,4,3.41
-112.90,41.20,5,3.41
-112.90,41.40,0,2.02
-112.90,41.40,1,2.88
-112.90,41.40,2,2.88
-112.90,41.40,3,2.88
-112.90,41.40,4,3.40
-112.90,41.40,5,3.40
-112.90,41.60,0,2.07
-112.90,41.60,1,2.92
-112.90,41.60,2,2.92
-112.90,41.60,3,2.92
-112.90,41.60,4,3.40
-112.90,41.60,5,3.40
-112.90,41.80,0,2.06
-112.90,41.80,1,3.01
-112.90,41.80,2,3.01
-112.90,41.80,3,3.01
-112.90,41.80,4,3.40
-112.90,41.80,5,3.40
-112.70,37.20,0,1.96
-112.70,37.20,1,2.66
-112.70,37.20,2,2.66
-112.70,37.20,3,2.66
-112.70,37.20,4,3.50
-112.70,37.20,5,3.50
-112.70,37.40,0,1.73
-112.70,37.40,1,2.62
-112.70,37.40,2,2.62
-112.70,37.40,3,2.62
-112.70,37.40,4,3.49
-112.70,37.40,5,3.49
-112.70,37.60,0,1.58
-112.70,37.60,1,2.60
-112.70,37.60,2,2.60
-112.70,37.60,3,2.60
-112.70,37.60,4,3.47
-112.70,37.60,5,3.47
-112.70,37.80,0,1.54
-112.70,37.80,1,2.55
-112.70,37.80,2,2.55
-112.70,37.80,3,2.55
-112.70,37.80,4,3.46
-112.70,37.80,5,3.46
-112.70,38.00,0,1.48
-112.70,38.00,1,2.58
-112.70,38.00,2,2.58
-112.70,38.00,3,2.58
-112.70,38.00,4,3.45
-112.70,38.00,5,3.45
-112.70,38.20,0,1.49
-112.70,38.20,1,2.71
-112.70,38.20,2,2.71
-112.70,38.20,3,2.71
-112.70,38.20,4,3.44
-112.70,38.20,5,3.44
-112.70,38.40,0,1.55
-112.70,38.40,1,2.85
-112.70,38.40,2,2.85
-112.70,38.40,3,2.85
-112.70,38.40,4,3.42
-112.70,38.40,5,3.42
-112.70,38.60,0,1.62
-112.70,38.60,1,3.01
-112.70,38.60,2,3.01
-112.70,38.60,3,3.01
-112.70,38.60,4,3.40
-112.70,38.60,5,3.40
-112.70,38.80,0,1.92
-112.70,38.80,1,2.96
-112.70,38.80,2,2.96
-112.70,38.80,3,2.96
-112.70,38.80,4,3.37
-112.70,38.80,5,3.37
-112.70,39.00,0,2.07
-112.70,39.00,1,2.92
-112.70,39.00,2,2.92
-112.70,39.00,3,2.92
-112.70,39.00,4,3.36
-112.70,39.00,5,3.36
-112.70,39.20,0,2.16
-112.70,39.20,1,2.90
-112.70,39.20,2,2.90
-112.70,39.20,3,2.90
-112.70,39.20,4,3.36
-112.70,39.20,5,3.36
-112.70,39.40,0,2.09
-112.70,39.40,1,2.84
-112.70,39.40,2,2.84
-112.70,39.40,3,2.84
-112.70,39.40,4,3.38
-112.70,39.40,5,3.38
-112.70,39.60,0,2.00
-112.70,39.60,1,2.79
-112.70,39.60,2,2.79
-112.70,39.60,3,2.79
-112.70,39.60,4,3.41
-112.70,39.60,5,3.41
-112.70,39.80,0,1.82
-112.70,39.80,1,2.77
-112.70,39.80,2,2.77
-112.70,39.80,3,2.77
-112.70,39.80,4,3.44
-112.70,39.80,5,3.44
-112.70,40.00,0,1.69
-112.70,40.00,1,2.70
-112.70,40.00,2,2.70
-112.70,40.00,3,2.70
-112.70,40.00,4,3.45
-112.70,40.00,5,3.45
-112.70,40.20,0,1.62
-112.70,40.20,1,2.67
-112.70,40.20,2,2.67
-112.70,40.20,3,2.67
-112.70,40.20,4,3.47
-112.70,40.20,5,3.47
-112.70,40.40,0,1.56
-112.70,40.40,1,2.67
-112.70,40.40,2,2.67
-112.70,40.40,3,2.67
-112.70,40.40,4,3.48
-112.70,40.40,5,3.48
-112.70,40.60,0,1.54
-112.70,40.60,1,2.66
-112.70,40.60,2,2.66
-112.70,40.60,3,2.66
-112.70,40.60,4,3.49
-112.70,40.60,5,3.49
-112.70,40.80,0,1.59
-112.70,40.80,1,2.70
-112.70,40.80,2,2.70
-112.70,40.80,3,2.70
-112.70,40.80,4,3.46
-112.70,40.80,5,3.46
-112.70,41.00,0,1.66
-112.70,41.00,1,2.77
-112.70,41.00,2,2.77
-112.70,41.00,3,2.77
-112.70,41.00,4,3.42
-112.70,41.00,5,3.42
-112.70,41.20,0,1.83
-112.70,41.20,1,2.79
-112.70,41.20,2,2.79
-112.70,41.20,3,2.79
-112.70,41.20,4,3.40
-112.70,41.20,5,3.40
-112.70,41.40,0,2.06
-112.70,41.40,1,2.79
-112.70,41.40,2,2.79
-112.70,41.40,3,2.79
-112.70,41.40,4,3.37
-112.70,41.40,5,3.37
-112.70,41.60,0,2.07
-112.70,41.60,1,2.87
-112.70,41.60,2,2.87
-112.70,41.60,3,2.87
-112.70,41.60,4,3.37
-112.70,41.60,5,3.37
-112.70,41.80,0,2.05
-112.70,41.80,1,2.94
-112.70,41.80,2,2.94
-112.70,41.80,3,2.94
-112.70,41.80,4,3.37
-112.70,41.80,5,3.37
-112.50,37.20,0,1.89
-112.50,37.20,1,2.64
-112.50,37.20,2,2.64
-112.50,37.20,3,2.64
-112.50,37.20,4,3.52
-112.50,37.20,5,3.52
-112.50,37.40,0,1.63
-112.50,37.40,1,2.65
-112.50,37.40,2,2.65
-112.50,37.40,3,2.65
-112.50,37.40,4,3.50
-112.50,37.40,5,3.50
-112.50,37.60,0,1.54
-112.50,37.60,1,2.58
-112.50,37.60,2,2.58
-112.50,37.60,3,2.58
-112.50,37.60,4,3.48
-112.50,37.60,5,3.48
-112.50,37.80,0,1.51
-112.50,37.80,1,2.52
-112.50,37.80,2,2.52
-112.50,37.80,3,2.52
-112.50,37.80,4,3.47
-112.50,37.80,5,3.47
-112.50,38.00,0,1.48
-112.50,38.00,1,2.58
-112.50,38.00,2,2.58
-112.50,38.00,3,2.58
-112.50,38.00,4,3.46
-112.50,38.00,5,3.46
-112.50,38.20,0,1.50
-112.50,38.20,1,2.70
-112.50,38.20,2,2.70
-112.50,38.20,3,2.70
-112.50,38.20,4,3.45
-112.50,38.20,5,3.45
-112.50,38.40,0,1.57
-112.50,38.40,1,2.84
-112.50,38.40,2,2.84
-112.50,38.40,3,2.84
-112.50,38.40,4,3.43
-112.50,38.40,5,3.43
-112.50,38.60,0,1.67
-112.50,38.60,1,2.97
-112.50,38.60,2,2.97
-112.50,38.60,3,2.97
-112.50,38.60,4,3.40
-112.50,38.60,5,3.40
-112.50,38.80,0,1.93
-112.50,38.80,1,2.97
-112.50,38.80,2,2.97
-112.50,38.80,3,2.97
-112.50,38.80,4,3.37
-112.50,38.80,5,3.37
-112.50,39.00,0,2.07
-112.50,39.00,1,2.92
-112.50,39.00,2,2.92
-112.50,39.00,3,2.92
-112.50,39.00,4,3.36
-112.50,39.00,5,3.36
-112.50,39.20,0,2.15
-112.50,39.20,1,2.90
-112.50,39.20,2,2.90
-112.50,39.20,3,2.90
-112.50,39.20,4,3.35
-112.50,39.20,5,3.35
-112.50,39.40,0,2.06
-112.50,39.40,1,2.82
-112.50,39.40,2,2.82
-112.50,39.40,3,2.82
-112.50,39.40,4,3.38
-112.50,39.40,5,3.38
-112.50,39.60,0,1.95
-112.50,39.60,1,2.77
-112.50,39.60,2,2.77
-112.50,39.60,3,2.77
-112.50,39.60,4,3.40
-112.50,39.60,5,3.40
-112.50,39.80,0,1.80
-112.50,39.80,1,2.75
-112.50,39.80,2,2.75
-112.50,39.80,3,2.75
-112.50,39.80,4,3.42
-112.50,39.80,5,3.42
-112.50,40.00,0,1.63
-112.50,40.00,1,2.73
-112.50,40.00,2,2.73
-112.50,40.00,3,2.73
-112.50,40.00,4,3.43
-112.50,40.00,5,3.43
-112.50,40.20,0,1.54
-112.50,40.20,1,2.71
-112.50,40.20,2,2.71
-112.50,40.20,3,2.71
-112.50,40.20,4,3.45
-112.50,40.20,5,3.45
-112.50,40.40,0,1.45
-112.50,40.40,1,2.74
-112.50,40.40,2,2.74
-112.50,40.40,3,2.74
-112.50,40.40,4,3.45
-112.50,40.40,5,3.45
-112.50,40.60,0,1.48
-112.50,40.60,1,2.67
-112.50,40.60,2,2.67
-112.50,40.60,3,2.67
-112.50,40.60,4,3.47
-112.50,40.60,5,3.47
-112.50,40.80,0,1.57
-112.50,40.80,1,2.64
-112.50,40.80,2,2.64
-112.50,40.80,3,2.64
-112.50,40.80,4,3.45
-112.50,40.80,5,3.45
-112.50,41.00,0,1.63
-112.50,41.00,1,2.71
-112.50,41.00,2,2.71
-112.50,41.00,3,2.71
-112.50,41.00,4,3.41
-112.50,41.00,5,3.41
-112.50,41.20,0,1.87
-112.50,41.20,1,2.73
-112.50,41.20,2,2.73
-112.50,41.20,3,2.73
-112.50,41.20,4,3.37
-112.50,41.20,5,3.37
-112.50,41.40,0,2.04
-112.50,41.40,1,2.77
-112.50,41.40,2,2.77
-112.50,41.40,3,2.77
-112.50,41.40,4,3.33
-112.50,41.40,5,3.33
-112.50,41.60,0,2.10
-112.50,41.60,1,2.81
-112.50,41.60,2,2.81
-112.50,41.60,3,2.81
-112.50,41.60,4,3.34
-112.50,41.60,5,3.34
-112.50,41.80,0,2.04
-112.50,41.80,1,2.92
-112.50,41.80,2,2.92
-112.50,41.80,3,2.92
-112.50,41.80,4,3.34
-112.50,41.80,5,3.34
-112.30,37.20,0,1.77
-112.30,37.20,1,2.68
-112.30,37.20,2,2.68
-112.30,37.20,3,2.68
-112.30,37.20,4,3.52
-112.30,37.20,5,3.52
-112.30,37.40,0,1.61
-112.30,37.40,1,2.65
-112.30,37.40,2,2.65
-112.30,37.40,3,2.65
-112.30,37.40,4,3.51
-112.30,37.40,5,3.51
-112.30,37.60,0,1.52
-112.30,37.60,1,2.59
-112.30,37.60,2,2.59
-112.30,37.60,3,2.59
-112.30,37.60,4,3.49
-112.30,37.60,5,3.49
-112.30,37.80,0,1.50
-112.30,37.80,1,2.55
-112.30,37.80,2,2.55
-112.30,37.80,3,2.55
-112.30,37.80,4,3.47
-112.30,37.80,5,3.47
-112.30,38.00,0,1.52
-112.30,38.00,1,2.61
-112.30,38.00,2,2.61
-112.30,38.00,3,2.61
-112.30,38.00,4,3.46
-112.30,38.00,5,3.46
-112.30,38.20,0,1.54
-112.30,38.20,1,2.72
-112.30,38.20,2,2.72
-112.30,38.20,3,2.72
-112.30,38.20,4,3.45
-112.30,38.20,5,3.45
-112.30,38.40,0,1.61
-112.30,38.40,1,2.83
-112.30,38.40,2,2.83
-112.30,38.40,3,2.83
-112.30,38.40,4,3.44
-112.30,38.40,5,3.44
-112.30,38.60,0,1.77
-112.30,38.60,1,2.91
-112.30,38.60,2,2.91
-112.30,38.60,3,2.91
-112.30,38.60,4,3.41
-112.30,38.60,5,3.41
-112.30,38.80,0,1.96
-112.30,38.80,1,2.95
-112.30,38.80,2,2.95
-112.30,38.80,3,2.95
-112.30,38.80,4,3.38
-112.30,38.80,5,3.38
-112.30,39.00,0,2.08
-112.30,39.00,1,2.90
-112.30,39.00,2,2.90
-112.30,39.00,3,2.90
-112.30,39.00,4,3.37
-112.30,39.00,5,3.37
-112.30,39.20,0,2.11
-112.30,39.20,1,2.87
-112.30,39.20,2,2.87
-112.30,39.20,3,2.87
-112.30,39.20,4,3.36
-112.30,39.20,5,3.36
-112.30,39.40,0,2.03
-112.30,39.40,1,2.81
-112.30,39.40,2,2.81
-112.30,39.40,3,2.81
-112.30,39.40,4,3.37
-112.30,39.40,5,3.37
-112.30,39.60,0,1.92
-112.30,39.60,1,2.78
-112.30,39.60,2,2.78
-112.30,39.60,3,2.78
-112.30,39.60,4,3.39
-112.30,39.60,5,3.39
-112.30,39.80,0,1.77
-112.30,39.80,1,2.78
-112.30,39.80,2,2.78
-112.30,39.80,3,2.78
-112.30,39.80,4,3.40
-112.30,39.80,5,3.40
-112.30,40.00,0,1.57
-112.30,40.00,1,2.80
-112.30,40.00,2,2.80
-112.30,40.00,3,2.80
-112.30,40.00,4,3.40
-112.30,40.00,5,3.40
-112.30,40.20,0,1.44
-112.30,40.20,1,2.82
-112.30,40.20,2,2.82
-112.30,40.20,3,2.82
-112.30,40.20,4,3.41
-112.30,40.20,5,3.41
-112.30,40.40,0,1.33
-112.30,40.40,1,2.83
-112.30,40.40,2,2.83
-112.30,40.40,3,2.83
-112.30,40.40,4,3.42
-112.30,40.40,5,3.42
-112.30,40.60,0,1.43
-112.30,40.60,1,2.72
-112.30,40.60,2,2.72
-112.30,40.60,3,2.72
-112.30,40.60,4,3.44
-112.30,40.60,5,3.44
-112.30,40.80,0,1.56
-112.30,40.80,1,2.64
-112.30,40.80,2,2.64
-112.30,40.80,3,2.64
-112.30,40.80,4,3.44
-112.30,40.80,5,3.44
-112.30,41.00,0,1.64
-112.30,41.00,1,2.66
-112.30,41.00,2,2.66
-112.30,41.00,3,2.66
-112.30,41.00,4,3.41
-112.30,41.00,5,3.41
-112.30,41.20,0,1.87
-112.30,41.20,1,2.68
-112.30,41.20,2,2.68
-112.30,41.20,3,2.68
-112.30,41.20,4,3.35
-112.30,41.20,5,3.35
-112.30,41.40,0,2.00
-112.30,41.40,1,2.75
-112.30,41.40,2,2.75
-112.30,41.40,3,2.75
-112.30,41.40,4,3.33
-112.30,41.40,5,3.33
-112.30,41.60,0,2.12
-112.30,41.60,1,2.79
-112.30,41.60,2,2.79
-112.30,41.60,3,2.79
-112.30,41.60,4,3.32
-112.30,41.60,5,3.32
-112.30,41.80,0,2.07
-112.30,41.80,1,2.88
-112.30,41.80,2,2.88
-112.30,41.80,3,2.88
-112.30,41.80,4,3.32
-112.30,41.80,5,3.32
-112.10,37.20,0,1.67
-112.10,37.20,1,2.74
-112.10,37.20,2,2.74
-112.10,37.20,3,2.74
-112.10,37.20,4,3.53
-112.10,37.20,5,3.53
-112.10,37.40,0,1.59
-112.10,37.40,1,2.65
-112.10,37.40,2,2.65
-112.10,37.40,3,2.65
-112.10,37.40,4,3.52
-112.10,37.40,5,3.52
-112.10,37.60,0,1.55
-112.10,37.60,1,2.61
-112.10,37.60,2,2.61
-112.10,37.60,3,2.61
-112.10,37.60,4,3.50
-112.10,37.60,5,3.50
-112.10,37.80,0,1.54
-112.10,37.80,1,2.60
-112.10,37.80,2,2.60
-112.10,37.80,3,2.60
-112.10,37.80,4,3.48
-112.10,37.80,5,3.48
-112.10,38.00,0,1.56
-112.10,38.00,1,2.62
-112.10,38.00,2,2.62
-112.10,38.00,3,2.62
-112.10,38.00,4,3.47
-112.10,38.00,5,3.47
-112.10,38.20,0,1.62
-112.10,38.20,1,2.73
-112.10,38.20,2,2.73
-112.10,38.20,3,2.73
-112.10,38.20,4,3.45
-112.10,38.20,5,3.45
-112.10,38.40,0,1.73
-112.10,38.40,1,2.80
-112.10,38.40,2,2.80
-112.10,38.40,3,2.80
-112.10,38.40,4,3.44
-112.10,38.40,5,3.44
-112.10,38.60,0,1.86
-112.10,38.60,1,2.87
-112.10,38.60,2,2.87
-112.10,38.60,3,2.87
-112.10,38.60,4,3.43
-112.10,38.60,5,3.43
-112.10,38.80,0,2.01
-112.10,38.80,1,2.90
-112.10,38.80,2,2.90
-112.10,38.80,3,2.90
-112.10,38.80,4,3.39
-112.10,38.80,5,3.39
-112.10,39.00,0,2.08
-112.10,39.00,1,2.87
-112.10,39.00,2,2.87
-112.10,39.00,3,2.87
-112.10,39.00,4,3.38
-112.10,39.00,5,3.38
-112.10,39.20,0,2.08
-112.10,39.20,1,2.84
-112.10,39.20,2,2.84
-112.10,39.20,3,2.84
-112.10,39.20,4,3.37
-112.10,39.20,5,3.37
-112.10,39.40,0,2.01
-112.10,39.40,1,2.80
-112.10,39.40,2,2.80
-112.10,39.40,3,2.80
-112.10,39.40,4,3.37
-112.10,39.40,5,3.37
-112.10,39.60,0,1.91
-112.10,39.60,1,2.79
-112.10,39.60,2,2.79
-112.10,39.60,3,2.79
-112.10,39.60,4,3.37
-112.10,39.60,5,3.37
-112.10,39.80,0,1.76
-112.10,39.80,1,2.81
-112.10,39.80,2,2.81
-112.10,39.80,3,2.81
-112.10,39.80,4,3.37
-112.10,39.80,5,3.37
-112.10,40.00,0,1.55
-112.10,40.00,1,2.87
-112.10,40.00,2,2.87
-112.10,40.00,3,2.87
-112.10,40.00,4,3.37
-112.10,40.00,5,3.37
-112.10,40.20,0,1.37
-112.10,40.20,1,2.91
-112.10,40.20,2,2.91
-112.10,40.20,3,2.91
-112.10,40.20,4,3.37
-112.10,40.20,5,3.37
-112.10,40.40,0,1.32
-112.10,40.40,1,2.87
-112.10,40.40,2,2.87
-112.10,40.40,3,2.87
-112.10,40.40,4,3.39
-112.10,40.40,5,3.39
-112.10,40.60,0,1.40
-112.10,40.60,1,2.76
-112.10,40.60,2,2.76
-112.10,40.60,3,2.76
-112.10,40.60,4,3.42
-112.10,40.60,5,3.42
-112.10,40.80,0,1.56
-112.10,40.80,1,2.65
-112.10,40.80,2,2.65
-112.10,40.80,3,2.65
-112.10,40.80,4,3.42
-112.10,40.80,5,3.42
-112.10,41.00,0,1.67
-112.10,41.00,1,2.63
-112.10,41.00,2,2.63
-112.10,41.00,3,2.63
-112.10,41.00,4,3.40
-112.10,41.00,5,3.40
-112.10,41.20,0,1.85
-112.10,41.20,1,2.66
-112.10,41.20,2,2.66
-112.10,41.20,3,2.66
-112.10,41.20,4,3.34
-112.10,41.20,5,3.34
-112.10,41.40,0,1.94
-112.10,41.40,1,2.74
-112.10,41.40,2,2.74
-112.10,41.40,3,2.74
-112.10,41.40,4,3.33
-112.10,41.40,5,3.33
-112.10,41.60,0,2.03
-112.10,41.60,1,2.82
-112.10,41.60,2,2.82
-112.10,41.60,3,2.82
-112.10,41.60,4,3.31
-112.10,41.60,5,3.31
-112.10,41.80,0,2.09
-112.10,41.80,1,2.89
-112.10,41.80,2,2.89
-112.10,41.80,3,2.89
-112.10,41.80,4,3.30
-112.10,41.80,5,3.30
-111.90,37.20,0,1.65
-111.90,37.20,1,2.74
-111.90,37.20,2,2.74
-111.90,37.20,3,2.74
-111.90,37.20,4,3.53
-111.90,37.20,5,3.53
-111.90,37.40,0,1.61
-111.90,37.40,1,2.68
-111.90,37.40,2,2.68
-111.90,37.40,3,2.68
-111.90,37.40,4,3.53
-111.90,37.40,5,3.53
-111.90,37.60,0,1.60
-111.90,37.60,1,2.66
-111.90,37.60,2,2.66
-111.90,37.60,3,2.66
-111.90,37.60,4,3.50
-111.90,37.60,5,3.50
-111.90,37.80,0,1.60
-111.90,37.80,1,2.66
-111.90,37.80,2,2.66
-111.90,37.80,3,2.66
-111.90,37.80,4,3.48
-111.90,37.80,5,3.48
-111.90,38.00,0,1.63
-111.90,38.00,1,2.67
-111.90,38.00,2,2.67
-111.90,38.00,3,2.67
-111.90,38.00,4,3.47
-111.90,38.00,5,3.47
-111.90,38.20,0,1.74
-111.90,38.20,1,2.73
-111.90,38.20,2,2.73
-111.90,38.20,3,2.73
-111.90,38.20,4,3.46
-111.90,38.20,5,3.46
-111.90,38.40,0,1.85
-111.90,38.40,1,2.78
-111.90,38.40,2,2.78
-111.90,38.40,3,2.78
-111.90,38.40,4,3.45
-111.90,38.40,5,3.45
-111.90,38.60,0,1.97
-111.90,38.60,1,2.85
-111.90,38.60,2,2.85
-111.90,38.60,3,2.85
-111.90,38.60,4,3.43
-111.90,38.60,5,3.43
-111.90,38.80,0,2.06
-111.90,38.80,1,2.86
-111.90,38.80,2,2.86
-111.90,38.80,3,2.86
-111.90,38.80,4,3.40
-111.90,38.80,5,3.40
-111.90,39.00,0,2.06
-111.90,39.00,1,2.84
-111.90,39.00,2,2.84
-111.90,39.00,3,2.84
-111.90,39.00,4,3.39
-111.90,39.00,5,3.39
-111.90,39.20,0,2.05
-111.90,39.20,1,2.80
-111.90,39.20,2,2.80
-111.90,39.20,3,2.80
-111.90,39.20,4,3.37
-111.90,39.20,5,3.37
-111.90,39.40,0,2.01
-111.90,39.40,1,2.78
-111.90,39.40,2,2.78
-111.90,39.40,3,2.78
-111.90,39.40,4,3.36
-111.90,39.40,5,3.36
-111.90,39.60,0,1.91
-111.90,39.60,1,2.78
-111.90,39.60,2,2.78
-111.90,39.60,3,2.78
-111.90,39.60,4,3.36
-111.90,39.60,5,3.36
-111.90,39.80,0,1.78
-111.90,39.80,1,2.82
-111.90,39.80,2,2.82
-111.90,39.80,3,2.82
-111.90,39.80,4,3.35
-111.90,39.80,5,3.35
-111.90,40.00,0,1.58
-111.90,40.00,1,2.90
-111.90,40.00,2,2.90
-111.90,40.00,3,2.90
-111.90,40.00,4,3.34
-111.90,40.00,5,3.34
-111.90,40.20,0,1.36
-111.90,40.20,1,2.96
-111.90,40.20,2,2.96
-111.90,40.20,3,2.96
-111.90,40.20,4,3.33
-111.90,40.20,5,3.33
-111.90,40.40,0,1.32
-111.90,40.40,1,2.93
-111.90,40.40,2,2.93
-111.90,40.40,3,2.93
-111.90,40.40,4,3.35
-111.90,40.40,5,3.35
-111.90,40.60,0,1.35
-111.90,40.60,1,2.84
-111.90,40.60,2,2.84
-111.90,40.60,3,2.84
-111.90,40.60,4,3.38
-111.90,40.60,5,3.38
-111.90,40.80,0,1.53
-111.90,40.80,1,2.66
-111.90,40.80,2,2.66
-111.90,40.80,3,2.66
-111.90,40.80,4,3.40
-111.90,40.80,5,3.40
-111.90,41.00,0,1.64
-111.90,41.00,1,2.63
-111.90,41.00,2,2.63
-111.90,41.00,3,2.63
-111.90,41.00,4,3.39
-111.90,41.00,5,3.39
-111.90,41.20,0,1.81
-111.90,41.20,1,2.66
-111.90,41.20,2,2.66
-111.90,41.20,3,2.66
-111.90,41.20,4,3.34
-111.90,41.20,5,3.34
-111.90,41.40,0,1.89
-111.90,41.40,1,2.75
-111.90,41.40,2,2.75
-111.90,41.40,3,2.75
-111.90,41.40,4,3.32
-111.90,41.40,5,3.32
-111.90,41.60,0,1.96
-111.90,41.60,1,2.84
-111.90,41.60,2,2.84
-111.90,41.60,3,2.84
-111.90,41.60,4,3.31
-111.90,41.60,5,3.31
-111.90,41.80,0,2.06
-111.90,41.80,1,2.91
-111.90,41.80,2,2.91
-111.90,41.80,3,2.91
-111.90,41.80,4,3.29
-111.90,41.80,5,3.29
-111.70,37.20,0,1.67
-111.70,37.20,1,2.77
-111.70,37.20,2,2.77
-111.70,37.20,3,2.77
-111.70,37.20,4,3.54
-111.70,37.20,5,3.54
-111.70,37.40,0,1.64
-111.70,37.40,1,2.74
-111.70,37.40,2,2.74
-111.70,37.40,3,2.74
-111.70,37.40,4,3.53
-111.70,37.40,5,3.53
-111.70,37.60,0,1.64
-111.70,37.60,1,2.73
-111.70,37.60,2,2.73
-111.70,37.60,3,2.73
-111.70,37.60,4,3.51
-111.70,37.60,5,3.51
-111.70,37.80,0,1.64
-111.70,37.80,1,2.74
-111.70,37.80,2,2.74
-111.70,37.80,3,2.74
-111.70,37.80,4,3.49
-111.70,37.80,5,3.49
-111.70,38.00,0,1.71
-111.70,38.00,1,2.74
-111.70,38.00,2,2.74
-111.70,38.00,3,2.74
-111.70,38.00,4,3.49
-111.70,38.00,5,3.49
-111.70,38.20,0,1.82
-111.70,38.20,1,2.77
-111.70,38.20,2,2.77
-111.70,38.20,3,2.77
-111.70,38.20,4,3.47
-111.70,38.20,5,3.47
-111.70,38.40,0,1.96
-111.70,38.40,1,2.82
-111.70,38.40,2,2.82
-111.70,38.40,3,2.82
-111.70,38.40,4,3.45
-111.70,38.40,5,3.45
-111.70,38.60,0,2.05
-111.70,38.60,1,2.86
-111.70,38.60,2,2.86
-111.70,38.60,3,2.86
-111.70,38.60,4,3.43
-111.70,38.60,5,3.43
-111.70,38.80,0,2.06
-111.70,38.80,1,2.85
-111.70,38.80,2,2.85
-111.70,38.80,3,2.85
-111.70,38.80,4,3.42
-111.70,38.80,5,3.42
-111.70,39.00,0,2.05
-111.70,39.00,1,2.82
-111.70,39.00,2,2.82
-111.70,39.00,3,2.82
-111.70,39.00,4,3.39
-111.70,39.00,5,3.39
-111.70,39.20,0,2.04
-111.70,39.20,1,2.77
-111.70,39.20,2,2.77
-111.70,39.20,3,2.77
-111.70,39.20,4,3.38
-111.70,39.20,5,3.38
-111.70,39.40,0,2.01
-111.70,39.40,1,2.78
-111.70,39.40,2,2.78
-111.70,39.40,3,2.78
-111.70,39.40,4,3.36
-111.70,39.40,5,3.36
-111.70,39.60,0,1.96
-111.70,39.60,1,2.77
-111.70,39.60,2,2.77
-111.70,39.60,3,2.77
-111.70,39.60,4,3.35
-111.70,39.60,5,3.35
-111.70,39.80,0,1.89
-111.70,39.80,1,2.78
-111.70,39.80,2,2.78
-111.70,39.80,3,2.78
-111.70,39.80,4,3.33
-111.70,39.80,5,3.33
-111.70,40.00,0,1.71
-111.70,40.00,1,2.84
-111.70,40.00,2,2.84
-111.70,40.00,3,2.84
-111.70,40.00,4,3.32
-111.70,40.00,5,3.32
-111.70,40.20,0,1.45
-111.70,40.20,1,2.97
-111.70,40.20,2,2.97
-111.70,40.20,3,2.97
-111.70,40.20,4,3.31
-111.70,40.20,5,3.31
-111.70,40.40,0,1.35
-111.70,40.40,1,2.93
-111.70,40.40,2,2.93
-111.70,40.40,3,2.93
-111.70,40.40,4,3.32
-111.70,40.40,5,3.32
-111.70,40.60,0,1.38
-111.70,40.60,1,2.80
-111.70,40.60,2,2.80
-111.70,40.60,3,2.80
-111.70,40.60,4,3.36
-111.70,40.60,5,3.36
-111.70,40.80,0,1.48
-111.70,40.80,1,2.64
-111.70,40.80,2,2.64
-111.70,40.80,3,2.64
-111.70,40.80,4,3.39
-111.70,40.80,5,3.39
-111.70,41.00,0,1.56
-111.70,41.00,1,2.61
-111.70,41.00,2,2.61
-111.70,41.00,3,2.61
-111.70,41.00,4,3.38
-111.70,41.00,5,3.38
-111.70,41.20,0,1.69
-111.70,41.20,1,2.63
-111.70,41.20,2,2.63
-111.70,41.20,3,2.63
-111.70,41.20,4,3.35
-111.70,41.20,5,3.35
-111.70,41.40,0,1.80
-111.70,41.40,1,2.73
-111.70,41.40,2,2.73
-111.70,41.40,3,2.73
-111.70,41.40,4,3.32
-111.70,41.40,5,3.32
-111.70,41.60,0,1.92
-111.70,41.60,1,2.84
-111.70,41.60,2,2.84
-111.70,41.60,3,2.84
-111.70,41.60,4,3.30
-111.70,41.60,5,3.30
-111.70,41.80,0,2.01
-111.70,41.80,1,2.89
-111.70,41.80,2,2.89
-111.70,41.80,3,2.89
-111.70,41.80,4,3.30
-111.70,41.80,5,3.30
-111.50,37.20,0,1.70
-111.50,37.20,1,2.83
-111.50,37.20,2,2.83
-111.50,37.20,3,2.83
-111.50,37.20,4,3.53
-111.50,37.20,5,3.53
-111.50,37.40,0,1.68
-111.50,37.40,1,2.81
-111.50,37.40,2,2.81
-111.50,37.40,3,2.81
-111.50,37.40,4,3.53
-111.50,37.40,5,3.53
-111.50,37.60,0,1.67
-111.50,37.60,1,2.79
-111.50,37.60,2,2.79
-111.50,37.60,3,2.79
-111.50,37.60,4,3.53
-111.50,37.60,5,3.53
-111.50,37.80,0,1.68
-111.50,37.80,1,2.82
-111.50,37.80,2,2.82
-111.50,37.80,3,2.82
-111.50,37.80,4,3.52
-111.50,37.80,5,3.52
-111.50,38.00,0,1.82
-111.50,38.00,1,2.83
-111.50,38.00,2,2.83
-111.50,38.00,3,2.83
-111.50,38.00,4,3.51
-111.50,38.00,5,3.51
-111.50,38.20,0,1.92
-111.50,38.20,1,2.83
-111.50,38.20,2,2.83
-111.50,38.20,3,2.83
-111.50,38.20,4,3.49
-111.50,38.20,5,3.49
-111.50,38.40,0,2.03
-111.50,38.40,1,2.86
-111.50,38.40,2,2.86
-111.50,38.40,3,2.86
-111.50,38.40,4,3.47
-111.50,38.40,5,3.47
-111.50,38.60,0,2.07
-111.50,38.60,1,2.87
-111.50,38.60,2,2.87
-111.50,38.60,3,2.87
-111.50,38.60,4,3.45
-111.50,38.60,5,3.45
-111.50,38.80,0,2.07
-111.50,38.80,1,2.85
-111.50,38.80,2,2.85
-111.50,38.80,3,2.85
-111.50,38.80,4,3.44
-111.50,38.80,5,3.44
-111.50,39.00,0,2.05
-111.50,39.00,1,2.82
-111.50,39.00,2,2.82
-111.50,39.00,3,2.82
-111.50,39.00,4,3.41
-111.50,39.00,5,3.41
-111.50,39.20,0,2.03
-111.50,39.20,1,2.79
-111.50,39.20,2,2.79
-111.50,39.20,3,2.79
-111.50,39.20,4,3.40
-111.50,39.20,5,3.40
-111.50,39.40,0,2.00
-111.50,39.40,1,2.79
-111.50,39.40,2,2.79
-111.50,39.40,3,2.79
-111.50,39.40,4,3.37
-111.50,39.40,5,3.37
-111.50,39.60,0,2.03
-111.50,39.60,1,2.77
-111.50,39.60,2,2.77
-111.50,39.60,3,2.77
-111.50,39.60,4,3.33
-111.50,39.60,5,3.33
-111.50,39.80,0,2.03
-111.50,39.80,1,2.76
-111.50,39.80,2,2.76
-111.50,39.80,3,2.76
-111.50,39.80,4,3.29
-111.50,39.80,5,3.29
-111.50,40.00,0,1.92
-111.50,40.00,1,2.76
-111.50,40.00,2,2.76
-111.50,40.00,3,2.76
-111.50,40.00,4,3.29
-111.50,40.00,5,3.29
-111.50,40.20,0,1.63
-111.50,40.20,1,2.87
-111.50,40.20,2,2.87
-111.50,40.20,3,2.87
-111.50,40.20,4,3.29
-111.50,40.20,5,3.29
-111.50,40.40,0,1.50
-111.50,40.40,1,2.82
-111.50,40.40,2,2.82
-111.50,40.40,3,2.82
-111.50,40.40,4,3.30
-111.50,40.40,5,3.30
-111.50,40.60,0,1.47
-111.50,40.60,1,2.70
-111.50,40.60,2,2.70
-111.50,40.60,3,2.70
-111.50,40.60,4,3.34
-111.50,40.60,5,3.34
-111.50,40.80,0,1.47
-111.50,40.80,1,2.59
-111.50,40.80,2,2.59
-111.50,40.80,3,2.59
-111.50,40.80,4,3.36
-111.50,40.80,5,3.36
-111.50,41.00,0,1.49
-111.50,41.00,1,2.56
-111.50,41.00,2,2.56
-111.50,41.00,3,2.56
-111.50,41.00,4,3.36
-111.50,41.00,5,3.36
-111.50,41.20,0,1.58
-111.50,41.20,1,2.59
-111.50,41.20,2,2.59
-111.50,41.20,3,2.59
-111.50,41.20,4,3.35
-111.50,41.20,5,3.35
-111.50,41.40,0,1.68
-111.50,41.40,1,2.68
-111.50,41.40,2,2.68
-111.50,41.40,3,2.68
-111.50,41.40,4,3.33
-111.50,41.40,5,3.33
-111.50,41.60,0,1.82
-111.50,41.60,1,2.80
-111.50,41.60,2,2.80
-111.50,41.60,3,2.80
-111.50,41.60,4,3.31
-111.50,41.60,5,3.31
-111.50,41.80,0,1.95
-111.50,41.80,1,2.88
-111.50,41.80,2,2.88
-111.50,41.80,3,2.88
-111.50,41.80,4,3.30
-111.50,41.80,5,3.30
-111.30,37.20,0,1.70
-111.30,37.20,1,2.91
-111.30,37.20,2,2.91
-111.30,37.20,3,2.91
-111.30,37.20,4,3.51
-111.30,37.20,5,3.51
-111.30,37.40,0,1.70
-111.30,37.40,1,2.88
-111.30,37.40,2,2.88
-111.30,37.40,3,2.88
-111.30,37.40,4,3.53
-111.30,37.40,5,3.53
-111.30,37.60,0,1.69
-111.30,37.60,1,2.87
-111.30,37.60,2,2.87
-111.30,37.60,3,2.87
-111.30,37.60,4,3.54
-111.30,37.60,5,3.54
-111.30,37.80,0,1.72
-111.30,37.80,1,2.90
-111.30,37.80,2,2.90
-111.30,37.80,3,2.90
-111.30,37.80,4,3.54
-111.30,37.80,5,3.54
-111.30,38.00,0,1.90
-111.30,38.00,1,2.88
-111.30,38.00,2,2.88
-111.30,38.00,3,2.88
-111.30,38.00,4,3.54
-111.30,38.00,5,3.54
-111.30,38.20,0,1.98
-111.30,38.20,1,2.88
-111.30,38.20,2,2.88
-111.30,38.20,3,2.88
-111.30,38.20,4,3.52
-111.30,38.20,5,3.52
-111.30,38.40,0,2.03
-111.30,38.40,1,2.88
-111.30,38.40,2,2.88
-111.30,38.40,3,2.88
-111.30,38.40,4,3.50
-111.30,38.40,5,3.50
-111.30,38.60,0,2.08
-111.30,38.60,1,2.89
-111.30,38.60,2,2.89
-111.30,38.60,3,2.89
-111.30,38.60,4,3.49
-111.30,38.60,5,3.49
-111.30,38.80,0,2.08
-111.30,38.80,1,2.88
-111.30,38.80,2,2.88
-111.30,38.80,3,2.88
-111.30,38.80,4,3.47
-111.30,38.80,5,3.47
-111.30,39.00,0,2.09
-111.30,39.00,1,2.84
-111.30,39.00,2,2.84
-111.30,39.00,3,2.84
-111.30,39.00,4,3.45
-111.30,39.00,5,3.45
-111.30,39.20,0,2.05
-111.30,39.20,1,2.82
-111.30,39.20,2,2.82
-111.30,39.20,3,2.82
-111.30,39.20,4,3.43
-111.30,39.20,5,3.43
-111.30,39.40,0,2.06
-111.30,39.40,1,2.79
-111.30,39.40,2,2.79
-111.30,39.40,3,2.79
-111.30,39.40,4,3.37
-111.30,39.40,5,3.37
-111.30,39.60,0,2.09
-111.30,39.60,1,2.77
-111.30,39.60,2,2.77
-111.30,39.60,3,2.77
-111.30,39.60,4,3.31
-111.30,39.60,5,3.31
-111.30,39.80,0,2.11
-111.30,39.80,1,2.77
-111.30,39.80,2,2.77
-111.30,39.80,3,2.77
-111.30,39.80,4,3.26
-111.30,39.80,5,3.26
-111.30,40.00,0,2.05
-111.30,40.00,1,2.74
-111.30,40.00,2,2.74
-111.30,40.00,3,2.74
-111.30,40.00,4,3.25
-111.30,40.00,5,3.25
-111.30,40.20,0,1.79
-111.30,40.20,1,2.74
-111.30,40.20,2,2.74
-111.30,40.20,3,2.74
-111.30,40.20,4,3.27
-111.30,40.20,5,3.27
-111.30,40.40,0,1.61
-111.30,40.40,1,2.70
-111.30,40.40,2,2.70
-111.30,40.40,3,2.70
-111.30,40.40,4,3.28
-111.30,40.40,5,3.28
-111.30,40.60,0,1.49
-111.30,40.60,1,2.64
-111.30,40.60,2,2.64
-111.30,40.60,3,2.64
-111.30,40.60,4,3.30
-111.30,40.60,5,3.30
-111.30,40.80,0,1.46
-111.30,40.80,1,2.55
-111.30,40.80,2,2.55
-111.30,40.80,3,2.55
-111.30,40.80,4,3.32
-111.30,40.80,5,3.32
-111.30,41.00,0,1.44
-111.30,41.00,1,2.50
-111.30,41.00,2,2.50
-111.30,41.00,3,2.50
-111.30,41.00,4,3.33
-111.30,41.00,5,3.33
-111.30,41.20,0,1.50
-111.30,41.20,1,2.54
-111.30,41.20,2,2.54
-111.30,41.20,3,2.54
-111.30,41.20,4,3.33
-111.30,41.20,5,3.33
-111.30,41.40,0,1.61
-111.30,41.40,1,2.62
-111.30,41.40,2,2.62
-111.30,41.40,3,2.62
-111.30,41.40,4,3.33
-111.30,41.40,5,3.33
-111.30,41.60,0,1.70
-111.30,41.60,1,2.75
-111.30,41.60,2,2.75
-111.30,41.60,3,2.75
-111.30,41.60,4,3.31
-111.30,41.60,5,3.31
-111.30,41.80,0,1.87
-111.30,41.80,1,2.84
-111.30,41.80,2,2.84
-111.30,41.80,3,2.84
-111.30,41.80,4,3.30
-111.30,41.80,5,3.30
-111.10,37.20,0,1.70
-111.10,37.20,1,2.95
-111.10,37.20,2,2.95
-111.10,37.20,3,2.95
-111.10,37.20,4,3.50
-111.10,37.20,5,3.50
-111.10,37.40,0,1.70
-111.10,37.40,1,2.93
-111.10,37.40,2,2.93
-111.10,37.40,3,2.93
-111.10,37.40,4,3.52
-111.10,37.40,5,3.52
-111.10,37.60,0,1.71
-111.10,37.60,1,2.93
-111.10,37.60,2,2.93
-111.10,37.60,3,2.93
-111.10,37.60,4,3.55
-111.10,37.60,5,3.55
-111.10,37.80,0,1.73
-111.10,37.80,1,2.96
-111.10,37.80,2,2.96
-111.10,37.80,3,2.96
-111.10,37.80,4,3.55
-111.10,37.80,5,3.55
-111.10,38.00,0,1.85
-111.10,38.00,1,2.95
-111.10,38.00,2,2.95
-111.10,38.00,3,2.95
-111.10,38.00,4,3.56
-111.10,38.00,5,3.56
-111.10,38.20,0,1.98
-111.10,38.20,1,2.90
-111.10,38.20,2,2.90
-111.10,38.20,3,2.90
-111.10,38.20,4,3.56
-111.10,38.20,5,3.56
-111.10,38.40,0,2.02
-111.10,38.40,1,2.92
-111.10,38.40,2,2.92
-111.10,38.40,3,2.92
-111.10,38.40,4,3.54
-111.10,38.40,5,3.54
-111.10,38.60,0,2.09
-111.10,38.60,1,2.93
-111.10,38.60,2,2.93
-111.10,38.60,3,2.93
-111.10,38.60,4,3.52
-111.10,38.60,5,3.52
-111.10,38.80,0,2.12
-111.10,38.80,1,2.93
-111.10,38.80,2,2.93
-111.10,38.80,3,2.93
-111.10,38.80,4,3.50
-111.10,38.80,5,3.50
-111.10,39.00,0,2.15
-111.10,39.00,1,2.88
-111.10,39.00,2,2.88
-111.10,39.00,3,2.88
-111.10,39.00,4,3.48
-111.10,39.00,5,3.48
-111.10,39.20,0,2.12
-111.10,39.20,1,2.85
-111.10,39.20,2,2.85
-111.10,39.20,3,2.85
-111.10,39.20,4,3.45
-111.10,39.20,5,3.45
-111.10,39.40,0,2.15
-111.10,39.40,1,2.81
-111.10,39.40,2,2.81
-111.10,39.40,3,2.81
-111.10,39.40,4,3.36
-111.10,39.40,5,3.36
-111.10,39.60,0,2.15
-111.10,39.60,1,2.79
-111.10,39.60,2,2.79
-111.10,39.60,3,2.79
-111.10,39.60,4,3.30
-111.10,39.60,5,3.30
-111.10,39.80,0,2.15
-111.10,39.80,1,2.78
-111.10,39.80,2,2.78
-111.10,39.80,3,2.78
-111.10,39.80,4,3.24
-111.10,39.80,5,3.24
-111.10,40.00,0,2.08
-111.10,40.00,1,2.71
-111.10,40.00,2,2.71
-111.10,40.00,3,2.71
-111.10,40.00,4,3.22
-111.10,40.00,5,3.22
-111.10,40.20,0,1.92
-111.10,40.20,1,2.65
-111.10,40.20,2,2.65
-111.10,40.20,3,2.65
-111.10,40.20,4,3.23
-111.10,40.20,5,3.23
-111.10,40.40,0,1.66
-111.10,40.40,1,2.64
-111.10,40.40,2,2.64
-111.10,40.40,3,2.64
-111.10,40.40,4,3.25
-111.10,40.40,5,3.25
-111.10,40.60,0,1.52
-111.10,40.60,1,2.56
-111.10,40.60,2,2.56
-111.10,40.60,3,2.56
-111.10,40.60,4,3.28
-111.10,40.60,5,3.28
-111.10,40.80,0,1.44
-111.10,40.80,1,2.49
-111.10,40.80,2,2.49
-111.10,40.80,3,2.49
-111.10,40.80,4,3.29
-111.10,40.80,5,3.29
-111.10,41.00,0,1.42
-111.10,41.00,1,2.46
-111.10,41.00,2,2.46
-111.10,41.00,3,2.46
-111.10,41.00,4,3.29
-111.10,41.00,5,3.29
-111.10,41.20,0,1.46
-111.10,41.20,1,2.49
-111.10,41.20,2,2.49
-111.10,41.20,3,2.49
-111.10,41.20,4,3.30
-111.10,41.20,5,3.30
-111.10,41.40,0,1.57
-111.10,41.40,1,2.56
-111.10,41.40,2,2.56
-111.10,41.40,3,2.56
-111.10,41.40,4,3.30
-111.10,41.40,5,3.30
-111.10,41.60,0,1.66
-111.10,41.60,1,2.68
-111.10,41.60,2,2.68
-111.10,41.60,3,2.68
-111.10,41.60,4,3.30
-111.10,41.60,5,3.30
-111.10,41.80,0,1.82
-111.10,41.80,1,2.79
-111.10,41.80,2,2.79
-111.10,41.80,3,2.79
-111.10,41.80,4,3.29
-111.10,41.80,5,3.29
-110.90,37.20,0,1.74
-110.90,37.20,1,3.01
-110.90,37.20,2,3.01
-110.90,37.20,3,3.01
-110.90,37.20,4,3.49
-110.90,37.20,5,3.49
-110.90,37.40,0,1.72
-110.90,37.40,1,2.99
-110.90,37.40,2,2.99
-110.90,37.40,3,2.99
-110.90,37.40,4,3.51
-110.90,37.40,5,3.51
-110.90,37.60,0,1.74
-110.90,37.60,1,2.96
-110.90,37.60,2,2.96
-110.90,37.60,3,2.96
-110.90,37.60,4,3.56
-110.90,37.60,5,3.56
-110.90,37.80,0,1.74
-110.90,37.80,1,2.99
-110.90,37.80,2,2.99
-110.90,37.80,3,2.99
-110.90,37.80,4,3.57
-110.90,37.80,5,3.57
-110.90,38.00,0,1.86
-110.90,38.00,1,2.97
-110.90,38.00,2,2.97
-110.90,38.00,3,2.97
-110.90,38.00,4,3.58
-110.90,38.00,5,3.58
-110.90,38.20,0,2.01
-110.90,38.20,1,2.91
-110.90,38.20,2,2.91
-110.90,38.20,3,2.91
-110.90,38.20,4,3.59
-110.90,38.20,5,3.59
-110.90,38.40,0,2.03
-110.90,38.40,1,2.96
-110.90,38.40,2,2.96
-110.90,38.40,3,2.96
-110.90,38.40,4,3.57
-110.90,38.40,5,3.57
-110.90,38.60,0,2.09
-110.90,38.60,1,2.98
-110.90,38.60,2,2.98
-110.90,38.60,3,2.98
-110.90,38.60,4,3.55
-110.90,38.60,5,3.55
-110.90,38.80,0,2.15
-110.90,38.80,1,2.98
-110.90,38.80,2,2.98
-110.90,38.80,3,2.98
-110.90,38.80,4,3.53
-110.90,38.80,5,3.53
-110.90,39.00,0,2.19
-110.90,39.00,1,2.94
-110.90,39.00,2,2.94
-110.90,39.00,3,2.94
-110.90,39.00,4,3.49
-110.90,39.00,5,3.49
-110.90,39.20,0,2.19
-110.90,39.20,1,2.89
-110.90,39.20,2,2.89
-110.90,39.20,3,2.89
-110.90,39.20,4,3.44
-110.90,39.20,5,3.44
-110.90,39.40,0,2.19
-110.90,39.40,1,2.85
-110.90,39.40,2,2.85
-110.90,39.40,3,2.85
-110.90,39.40,4,3.36
-110.90,39.40,5,3.36
-110.90,39.60,0,2.19
-110.90,39.60,1,2.81
-110.90,39.60,2,2.81
-110.90,39.60,3,2.81
-110.90,39.60,4,3.28
-110.90,39.60,5,3.28
-110.90,39.80,0,2.19
-110.90,39.80,1,2.78
-110.90,39.80,2,2.78
-110.90,39.80,3,2.78
-110.90,39.80,4,3.21
-110.90,39.80,5,3.21
-110.90,40.00,0,2.12
-110.90,40.00,1,2.70
-110.90,40.00,2,2.70
-110.90,40.00,3,2.70
-110.90,40.00,4,3.18
-110.90,40.00,5,3.18
-110.90,40.20,0,2.01
-110.90,40.20,1,2.62
-110.90,40.20,2,2.62
-110.90,40.20,3,2.62
-110.90,40.20,4,3.18
-110.90,40.20,5,3.18
-110.90,40.40,0,1.79
-110.90,40.40,1,2.58
-110.90,40.40,2,2.58
-110.90,40.40,3,2.58
-110.90,40.40,4,3.21
-110.90,40.40,5,3.21
-110.90,40.60,0,1.60
-110.90,40.60,1,2.48
-110.90,40.60,2,2.48
-110.90,40.60,3,2.48
-110.90,40.60,4,3.24
-110.90,40.60,5,3.24
-110.90,40.80,0,1.49
-110.90,40.80,1,2.44
-110.90,40.80,2,2.44
-110.90,40.80,3,2.44
-110.90,40.80,4,3.26
-110.90,40.80,5,3.26
-110.90,41.00,0,1.41
-110.90,41.00,1,2.41
-110.90,41.00,2,2.41
-110.90,41.00,3,2.41
-110.90,41.00,4,3.27
-110.90,41.00,5,3.27
-110.90,41.20,0,1.43
-110.90,41.20,1,2.45
-110.90,41.20,2,2.45
-110.90,41.20,3,2.45
-110.90,41.20,4,3.26
-110.90,41.20,5,3.26
-110.90,41.40,0,1.54
-110.90,41.40,1,2.50
-110.90,41.40,2,2.50
-110.90,41.40,3,2.50
-110.90,41.40,4,3.26
-110.90,41.40,5,3.26
-110.90,41.60,0,1.66
-110.90,41.60,1,2.58
-110.90,41.60,2,2.58
-110.90,41.60,3,2.58
-110.90,41.60,4,3.27
-110.90,41.60,5,3.27
-110.90,41.80,0,1.78
-110.90,41.80,1,2.72
-110.90,41.80,2,2.72
-110.90,41.80,3,2.72
-110.90,41.80,4,3.27
-110.90,41.80,5,3.27
-110.70,37.20,0,1.80
-110.70,37.20,1,3.10
-110.70,37.20,2,3.10
-110.70,37.20,3,3.10
-110.70,37.20,4,3.48
-110.70,37.20,5,3.48
-110.70,37.40,0,1.86
-110.70,37.40,1,3.03
-110.70,37.40,2,3.03
-110.70,37.40,3,3.03
-110.70,37.40,4,3.50
-110.70,37.40,5,3.50
-110.70,37.60,0,1.82
-110.70,37.60,1,3.02
-110.70,37.60,2,3.02
-110.70,37.60,3,3.02
-110.70,37.60,4,3.53
-110.70,37.60,5,3.53
-110.70,37.80,0,1.84
-110.70,37.80,1,3.01
-110.70,37.80,2,3.01
-110.70,37.80,3,3.01
-110.70,37.80,4,3.56
-110.70,37.80,5,3.56
-110.70,38.00,0,1.95
-110.70,38.00,1,2.95
-110.70,38.00,2,2.95
-110.70,38.00,3,2.95
-110.70,38.00,4,3.59
-110.70,38.00,5,3.59
-110.70,38.20,0,2.00
-110.70,38.20,1,2.95
-110.70,38.20,2,2.95
-110.70,38.20,3,2.95
-110.70,38.20,4,3.60
-110.70,38.20,5,3.60
-110.70,38.40,0,2.04
-110.70,38.40,1,3.00
-110.70,38.40,2,3.00
-110.70,38.40,3,3.00
-110.70,38.40,4,3.58
-110.70,38.40,5,3.58
-110.70,38.60,0,2.09
-110.70,38.60,1,3.01
-110.70,38.60,2,3.01
-110.70,38.60,3,3.01
-110.70,38.60,4,3.56
-110.70,38.60,5,3.56
-110.70,38.80,0,2.15
-110.70,38.80,1,3.00
-110.70,38.80,2,3.00
-110.70,38.80,3,3.00
-110.70,38.80,4,3.53
-110.70,38.80,5,3.53
-110.70,39.00,0,2.19
-110.70,39.00,1,2.99
-110.70,39.00,2,2.99
-110.70,39.00,3,2.99
-110.70,39.00,4,3.49
-110.70,39.00,5,3.49
-110.70,39.20,0,2.22
-110.70,39.20,1,2.93
-110.70,39.20,2,2.93
-110.70,39.20,3,2.93
-110.70,39.20,4,3.43
-110.70,39.20,5,3.43
-110.70,39.40,0,2.21
-110.70,39.40,1,2.88
-110.70,39.40,2,2.88
-110.70,39.40,3,2.88
-110.70,39.40,4,3.35
-110.70,39.40,5,3.35
-110.70,39.60,0,2.22
-110.70,39.60,1,2.82
-110.70,39.60,2,2.82
-110.70,39.60,3,2.82
-110.70,39.60,4,3.26
-110.70,39.60,5,3.26
-110.70,39.80,0,2.25
-110.70,39.80,1,2.77
-110.70,39.80,2,2.77
-110.70,39.80,3,2.77
-110.70,39.80,4,3.18
-110.70,39.80,5,3.18
-110.70,40.00,0,2.18
-110.70,40.00,1,2.70
-110.70,40.00,2,2.70
-110.70,40.00,3,2.70
-110.70,40.00,4,3.14
-110.70,40.00,5,3.14
-110.70,40.20,0,2.09
-110.70,40.20,1,2.63
-110.70,40.20,2,2.63
-110.70,40.20,3,2.63
-110.70,40.20,4,3.13
-110.70,40.20,5,3.13
-110.70,40.40,0,1.93
-110.70,40.40,1,2.54
-110.70,40.40,2,2.54
-110.70,40.40,3,2.54
-110.70,40.40,4,3.16
-110.70,40.40,5,3.16
-110.70,40.60,0,1.71
-110.70,40.60,1,2.44
-110.70,40.60,2,2.44
-110.70,40.60,3,2.44
-110.70,40.60,4,3.20
-110.70,40.60,5,3.20
-110.70,40.80,0,1.58
-110.70,40.80,1,2.40
-110.70,40.80,2,2.40
-110.70,40.80,3,2.40
-110.70,40.80,4,3.21
-110.70,40.80,5,3.21
-110.70,41.00,0,1.47
-110.70,41.00,1,2.38
-110.70,41.00,2,2.38
-110.70,41.00,3,2.38
-110.70,41.00,4,3.23
-110.70,41.00,5,3.23
-110.70,41.20,0,1.44
-110.70,41.20,1,2.40
-110.70,41.20,2,2.40
-110.70,41.20,3,2.40
-110.70,41.20,4,3.23
-110.70,41.20,5,3.23
-110.70,41.40,0,1.53
-110.70,41.40,1,2.43
-110.70,41.40,2,2.43
-110.70,41.40,3,2.43
-110.70,41.40,4,3.24
-110.70,41.40,5,3.24
-110.70,41.60,0,1.66
-110.70,41.60,1,2.48
-110.70,41.60,2,2.48
-110.70,41.60,3,2.48
-110.70,41.60,4,3.24
-110.70,41.60,5,3.24
-110.70,41.80,0,1.69
-110.70,41.80,1,2.63
-110.70,41.80,2,2.63
-110.70,41.80,3,2.63
-110.70,41.80,4,3.24
-110.70,41.80,5,3.24
-110.50,37.20,0,1.99
-110.50,37.20,1,3.10
-110.50,37.20,2,3.10
-110.50,37.20,3,3.10
-110.50,37.20,4,3.48
-110.50,37.20,5,3.48
-110.50,37.40,0,2.04
-110.50,37.40,1,3.04
-110.50,37.40,2,3.04
-110.50,37.40,3,3.04
-110.50,37.40,4,3.49
-110.50,37.40,5,3.49
-110.50,37.60,0,1.96
-110.50,37.60,1,3.06
-110.50,37.60,2,3.06
-110.50,37.60,3,3.06
-110.50,37.60,4,3.51
-110.50,37.60,5,3.51
-110.50,37.80,0,1.98
-110.50,37.80,1,3.01
-110.50,37.80,2,3.01
-110.50,37.80,3,3.01
-110.50,37.80,4,3.54
-110.50,37.80,5,3.54
-110.50,38.00,0,1.96
-110.50,38.00,1,2.98
-110.50,38.00,2,2.98
-110.50,38.00,3,2.98
-110.50,38.00,4,3.58
-110.50,38.00,5,3.58
-110.50,38.20,0,1.99
-110.50,38.20,1,2.99
-110.50,38.20,2,2.99
-110.50,38.20,3,2.99
-110.50,38.20,4,3.58
-110.50,38.20,5,3.58
-110.50,38.40,0,2.05
-110.50,38.40,1,3.01
-110.50,38.40,2,3.01
-110.50,38.40,3,3.01
-110.50,38.40,4,3.57
-110.50,38.40,5,3.57
-110.50,38.60,0,2.10
-110.50,38.60,1,3.03
-110.50,38.60,2,3.03
-110.50,38.60,3,3.03
-110.50,38.60,4,3.55
-110.50,38.60,5,3.55
-110.50,38.80,0,2.16
-110.50,38.80,1,3.01
-110.50,38.80,2,3.01
-110.50,38.80,3,3.01
-110.50,38.80,4,3.51
-110.50,38.80,5,3.51
-110.50,39.00,0,2.19
-110.50,39.00,1,3.00
-110.50,39.00,2,3.00
-110.50,39.00,3,3.00
-110.50,39.00,4,3.47
-110.50,39.00,5,3.47
-110.50,39.20,0,2.23
-110.50,39.20,1,2.95
-110.50,39.20,2,2.95
-110.50,39.20,3,2.95
-110.50,39.20,4,3.43
-110.50,39.20,5,3.43
-110.50,39.40,0,2.24
-110.50,39.40,1,2.88
-110.50,39.40,2,2.88
-110.50,39.40,3,2.88
-110.50,39.40,4,3.33
-110.50,39.40,5,3.33
-110.50,39.60,0,2.26
-110.50,39.60,1,2.81
-110.50,39.60,2,2.81
-110.50,39.60,3,2.81
-110.50,39.60,4,3.24
-110.50,39.60,5,3.24
-110.50,39.80,0,2.29
-110.50,39.80,1,2.75
-110.50,39.80,2,2.75
-110.50,39.80,3,2.75
-110.50,39.80,4,3.16
-110.50,39.80,5,3.16
-110.50,40.00,0,2.24
-110.50,40.00,1,2.70
-110.50,40.00,2,2.70
-110.50,40.00,3,2.70
-110.50,40.00,4,3.10
-110.50,40.00,5,3.10
-110.50,40.20,0,2.15
-110.50,40.20,1,2.63
-110.50,40.20,2,2.63
-110.50,40.20,3,2.63
-110.50,40.20,4,3.08
-110.50,40.20,5,3.08
-110.50,40.40,0,2.01
-110.50,40.40,1,2.57
-110.50,40.40,2,2.57
-110.50,40.40,3,2.57
-110.50,40.40,4,3.11
-110.50,40.40,5,3.11
-110.50,40.60,0,1.83
-110.50,40.60,1,2.46
-110.50,40.60,2,2.46
-110.50,40.60,3,2.46
-110.50,40.60,4,3.15
-110.50,40.60,5,3.15
-110.50,40.80,0,1.69
-110.50,40.80,1,2.42
-110.50,40.80,2,2.42
-110.50,40.80,3,2.42
-110.50,40.80,4,3.17
-110.50,40.80,5,3.17
-110.50,41.00,0,1.60
-110.50,41.00,1,2.40
-110.50,41.00,2,2.40
-110.50,41.00,3,2.40
-110.50,41.00,4,3.18
-110.50,41.00,5,3.18
-110.50,41.20,0,1.53
-110.50,41.20,1,2.37
-110.50,41.20,2,2.37
-110.50,41.20,3,2.37
-110.50,41.20,4,3.20
-110.50,41.20,5,3.20
-110.50,41.40,0,1.59
-110.50,41.40,1,2.38
-110.50,41.40,2,2.38
-110.50,41.40,3,2.38
-110.50,41.40,4,3.21
-110.50,41.40,5,3.21
-110.50,41.60,0,1.66
-110.50,41.60,1,2.44
-110.50,41.60,2,2.44
-110.50,41.60,3,2.44
-110.50,41.60,4,3.21
-110.50,41.60,5,3.21
-110.50,41.80,0,1.67
-110.50,41.80,1,2.50
-110.50,41.80,2,2.50
-110.50,41.80,3,2.50
-110.50,41.80,4,3.21
-110.50,41.80,5,3.21
-110.30,37.20,0,2.20
-110.30,37.20,1,3.08
-110.30,37.20,2,3.08
-110.30,37.20,3,3.08
-110.30,37.20,4,3.48
-110.30,37.20,5,3.48
-110.30,37.40,0,2.20
-110.30,37.40,1,3.09
-110.30,37.40,2,3.09
-110.30,37.40,3,3.09
-110.30,37.40,4,3.47
-110.30,37.40,5,3.47
-110.30,37.60,0,2.13
-110.30,37.60,1,3.05
-110.30,37.60,2,3.05
-110.30,37.60,3,3.05
-110.30,37.60,4,3.49
-110.30,37.60,5,3.49
-110.30,37.80,0,2.08
-110.30,37.80,1,3.03
-110.30,37.80,2,3.03
-110.30,37.80,3,3.03
-110.30,37.80,4,3.52
-110.30,37.80,5,3.52
-110.30,38.00,0,2.02
-110.30,38.00,1,3.00
-110.30,38.00,2,3.00
-110.30,38.00,3,3.00
-110.30,38.00,4,3.55
-110.30,38.00,5,3.55
-110.30,38.20,0,2.03
-110.30,38.20,1,2.99
-110.30,38.20,2,2.99
-110.30,38.20,3,2.99
-110.30,38.20,4,3.55
-110.30,38.20,5,3.55
-110.30,38.40,0,2.08
-110.30,38.40,1,2.98
-110.30,38.40,2,2.98
-110.30,38.40,3,2.98
-110.30,38.40,4,3.55
-110.30,38.40,5,3.55
-110.30,38.60,0,2.13
-110.30,38.60,1,3.01
-110.30,38.60,2,3.01
-110.30,38.60,3,3.01
-110.30,38.60,4,3.53
-110.30,38.60,5,3.53
-110.30,38.80,0,2.20
-110.30,38.80,1,3.00
-110.30,38.80,2,3.00
-110.30,38.80,3,3.00
-110.30,38.80,4,3.49
-110.30,38.80,5,3.49
-110.30,39.00,0,2.21
-110.30,39.00,1,2.99
-110.30,39.00,2,2.99
-110.30,39.00,3,2.99
-110.30,39.00,4,3.45
-110.30,39.00,5,3.45
-110.30,39.20,0,2.24
-110.30,39.20,1,2.94
-110.30,39.20,2,2.94
-110.30,39.20,3,2.94
-110.30,39.20,4,3.41
-110.30,39.20,5,3.41
-110.30,39.40,0,2.28
-110.30,39.40,1,2.86
-110.30,39.40,2,2.86
-110.30,39.40,3,2.86
-110.30,39.40,4,3.31
-110.30,39.40,5,3.31
-110.30,39.60,0,2.28
-110.30,39.60,1,2.80
-110.30,39.60,2,2.80
-110.30,39.60,3,2.80
-110.30,39.60,4,3.23
-110.30,39.60,5,3.23
-110.30,39.80,0,2.29
-110.30,39.80,1,2.74
-110.30,39.80,2,2.74
-110.30,39.80,3,2.74
-110.30,39.80,4,3.15
-110.30,39.80,5,3.15
-110.30,40.00,0,2.31
-110.30,40.00,1,2.68
-110.30,40.00,2,2.68
-110.30,40.00,3,2.68
-110.30,40.00,4,3.08
-110.30,40.00,5,3.08
-110.30,40.20,0,2.19
-110.30,40.20,1,2.64
-110.30,40.20,2,2.64
-110.30,40.20,3,2.64
-110.30,40.20,4,3.06
-110.30,40.20,5,3.06
-110.30,40.40,0,2.11
-110.30,40.40,1,2.60
-110.30,40.40,2,2.60
-110.30,40.40,3,2.60
-110.30,40.40,4,3.07
-110.30,40.40,5,3.07
-110.30,40.60,0,1.97
-110.30,40.60,1,2.50
-110.30,40.60,2,2.50
-110.30,40.60,3,2.50
-110.30,40.60,4,3.10
-110.30,40.60,5,3.10
-110.30,40.80,0,1.82
-110.30,40.80,1,2.48
-110.30,40.80,2,2.48
-110.30,40.80,3,2.48
-110.30,40.80,4,3.13
-110.30,40.80,5,3.13
-110.30,41.00,0,1.67
-110.30,41.00,1,2.49
-110.30,41.00,2,2.49
-110.30,41.00,3,2.49
-110.30,41.00,4,3.13
-110.30,41.00,5,3.13
-110.30,41.20,0,1.64
-110.30,41.20,1,2.39
-110.30,41.20,2,2.39
-110.30,41.20,3,2.39
-110.30,41.20,4,3.16
-110.30,41.20,5,3.16
-110.30,41.40,0,1.68
-110.30,41.40,1,2.38
-110.30,41.40,2,2.38
-110.30,41.40,3,2.38
-110.30,41.40,4,3.17
-110.30,41.40,5,3.17
-110.30,41.60,0,1.68
-110.30,41.60,1,2.40
-110.30,41.60,2,2.40
-110.30,41.60,3,2.40
-110.30,41.60,4,3.18
-110.30,41.60,5,3.18
-110.30,41.80,0,1.74
-110.30,41.80,1,2.39
-110.30,41.80,2,2.39
-110.30,41.80,3,2.39
-110.30,41.80,4,3.18
-110.30,41.80,5,3.18
-110.10,37.20,0,2.35
-110.10,37.20,1,3.09
-110.10,37.20,2,3.09
-110.10,37.20,3,3.09
-110.10,37.20,4,3.48
-110.10,37.20,5,3.48
-110.10,37.40,0,2.34
-110.10,37.40,1,3.09
-110.10,37.40,2,3.09
-110.10,37.40,3,3.09
-110.10,37.40,4,3.47
-110.10,37.40,5,3.47
-110.10,37.60,0,2.27
-110.10,37.60,1,3.07
-110.10,37.60,2,3.07
-110.10,37.60,3,3.07
-110.10,37.60,4,3.48
-110.10,37.60,5,3.48
-110.10,37.80,0,2.13
-110.10,37.80,1,3.06
-110.10,37.80,2,3.06
-110.10,37.80,3,3.06
-110.10,37.80,4,3.51
-110.10,37.80,5,3.51
-110.10,38.00,0,2.09
-110.10,38.00,1,3.00
-110.10,38.00,2,3.00
-110.10,38.00,3,3.00
-110.10,38.00,4,3.52
-110.10,38.00,5,3.52
-110.10,38.20,0,2.06
-110.10,38.20,1,2.96
-110.10,38.20,2,2.96
-110.10,38.20,3,2.96
-110.10,38.20,4,3.53
-110.10,38.20,5,3.53
-110.10,38.40,0,2.10
-110.10,38.40,1,2.96
-110.10,38.40,2,2.96
-110.10,38.40,3,2.96
-110.10,38.40,4,3.53
-110.10,38.40,5,3.53
-110.10,38.60,0,2.13
-110.10,38.60,1,2.98
-110.10,38.60,2,2.98
-110.10,38.60,3,2.98
-110.10,38.60,4,3.51
-110.10,38.60,5,3.51
-110.10,38.80,0,2.22
-110.10,38.80,1,2.97
-110.10,38.80,2,2.97
-110.10,38.80,3,2.97
-110.10,38.80,4,3.47
-110.10,38.80,5,3.47
-110.10,39.00,0,2.24
-110.10,39.00,1,2.98
-110.10,39.00,2,2.98
-110.10,39.00,3,2.98
-110.10,39.00,4,3.43
-110.10,39.00,5,3.43
-110.10,39.20,0,2.26
-110.10,39.20,1,2.93
-110.10,39.20,2,2.93
-110.10,39.20,3,2.93
-110.10,39.20,4,3.39
-110.10,39.20,5,3.39
-110.10,39.40,0,2.30
-110.10,39.40,1,2.86
-110.10,39.40,2,2.86
-110.10,39.40,3,2.86
-110.10,39.40,4,3.31
-110.10,39.40,5,3.31
-110.10,39.60,0,2.30
-110.10,39.60,1,2.80
-110.10,39.60,2,2.80
-110.10,39.60,3,2.80
-110.10,39.60,4,3.23
-110.10,39.60,5,3.23
-110.10,39.80,0,2.33
-110.10,39.80,1,2.72
-110.10,39.80,2,2.72
-110.10,39.80,3,2.72
-110.10,39.80,4,3.15
-110.10,39.80,5,3.15
-110.10,40.00,0,2.32
-110.10,40.00,1,2.66
-110.10,40.00,2,2.66
-110.10,40.00,3,2.66
-110.10,40.00,4,3.09
-110.10,40.00,5,3.09
-110.10,40.20,0,2.28
-110.10,40.20,1,2.61
-110.10,40.20,2,2.61
-110.10,40.20,3,2.61
-110.10,40.20,4,3.06
-110.10,40.20,5,3.06
-110.10,40.40,0,2.16
-110.10,40.40,1,2.63
-110.10,40.40,2,2.63
-110.10,40.40,3,2.63
-110.10,40.40,4,3.06
-110.10,40.40,5,3.06
-110.10,40.60,0,2.06
-110.10,40.60,1,2.58
-110.10,40.60,2,2.58
-110.10,40.60,3,2.58
-110.10,40.60,4,3.08
-110.10,40.60,5,3.08
-110.10,40.80,0,1.94
-110.10,40.80,1,2.56
-110.10,40.80,2,2.56
-110.10,40.80,3,2.56
-110.10,40.80,4,3.10
-110.10,40.80,5,3.10
-110.10,41.00,0,1.77
-110.10,41.00,1,2.55
-110.10,41.00,2,2.55
-110.10,41.00,3,2.55
-110.10,41.00,4,3.11
-110.10,41.00,5,3.11
-110.10,41.20,0,1.76
-110.10,41.20,1,2.45
-110.10,41.20,2,2.45
-110.10,41.20,3,2.45
-110.10,41.20,4,3.13
-110.10,41.20,5,3.13
-110.10,41.40,0,1.71
-110.10,41.40,1,2.43
-110.10,41.40,2,2.43
-110.10,41.40,3,2.43
-110.10,41.40,4,3.14
-110.10,41.40,5,3.14
-110.10,41.60,0,1.74
-110.10,41.60,1,2.35
-110.10,41.60,2,2.35
-110.10,41.60,3,2.35
-110.10,41.60,4,3.14
-110.10,41.60,5,3.14
-110.10,41.80,0,1.78
-110.10,41.80,1,2.34
-110.10,41.80,2,2.34
-110.10,41.80,3,2.34
-110.10,41.80,4,3.14
-110.10,41.80,5,3.14
-109.90,37.20,0,2.53
-109.90,37.20,1,3.05
-109.90,37.20,2,3.05
-109.90,37.20,3,3.05
-109.90,37.20,4,3.48
-109.90,37.20,5,3.48
-109.90,37.40,0,2.48
-109.90,37.40,1,3.05
-109.90,37.40,2,3.05
-109.90,37.40,3,3.05
-109.90,37.40,4,3.48
-109.90,37.40,5,3.48
-109.90,37.60,0,2.33
-109.90,37.60,1,3.09
-109.90,37.60,2,3.09
-109.90,37.60,3,3.09
-109.90,37.60,4,3.47
-109.90,37.60,5,3.47
-109.90,37.80,0,2.20
-109.90,37.80,1,3.04
-109.90,37.80,2,3.04
-109.90,37.80,3,3.04
-109.90,37.80,4,3.49
-109.90,37.80,5,3.49
-109.90,38.00,0,2.09
-109.90,38.00,1,3.01
-109.90,38.00,2,3.01
-109.90,38.00,3,3.01
-109.90,38.00,4,3.50
-109.90,38.00,5,3.50
-109.90,38.20,0,2.07
-109.90,38.20,1,2.96
-109.90,38.20,2,2.96
-109.90,38.20,3,2.96
-109.90,38.20,4,3.51
-109.90,38.20,5,3.51
-109.90,38.40,0,2.08
-109.90,38.40,1,2.97
-109.90,38.40,2,2.97
-109.90,38.40,3,2.97
-109.90,38.40,4,3.50
-109.90,38.40,5,3.50
-109.90,38.60,0,2.13
-109.90,38.60,1,2.97
-109.90,38.60,2,2.97
-109.90,38.60,3,2.97
-109.90,38.60,4,3.48
-109.90,38.60,5,3.48
-109.90,38.80,0,2.20
-109.90,38.80,1,2.96
-109.90,38.80,2,2.96
-109.90,38.80,3,2.96
-109.90,38.80,4,3.46
-109.90,38.80,5,3.46
-109.90,39.00,0,2.23
-109.90,39.00,1,2.96
-109.90,39.00,2,2.96
-109.90,39.00,3,2.96
-109.90,39.00,4,3.42
-109.90,39.00,5,3.42
-109.90,39.20,0,2.25
-109.90,39.20,1,2.93
-109.90,39.20,2,2.93
-109.90,39.20,3,2.93
-109.90,39.20,4,3.38
-109.90,39.20,5,3.38
-109.90,39.40,0,2.28
-109.90,39.40,1,2.87
-109.90,39.40,2,2.87
-109.90,39.40,3,2.87
-109.90,39.40,4,3.31
-109.90,39.40,5,3.31
-109.90,39.60,0,2.27
-109.90,39.60,1,2.79
-109.90,39.60,2,2.79
-109.90,39.60,3,2.79
-109.90,39.60,4,3.25
-109.90,39.60,5,3.25
-109.90,39.80,0,2.27
-109.90,39.80,1,2.71
-109.90,39.80,2,2.71
-109.90,39.80,3,2.71
-109.90,39.80,4,3.19
-109.90,39.80,5,3.19
-109.90,40.00,0,2.27
-109.90,40.00,1,2.65
-109.90,40.00,2,2.65
-109.90,40.00,3,2.65
-109.90,40.00,4,3.13
-109.90,40.00,5,3.13
-109.90,40.20,0,2.27
-109.90,40.20,1,2.62
-109.90,40.20,2,2.62
-109.90,40.20,3,2.62
-109.90,40.20,4,3.09
-109.90,40.20,5,3.09
-109.90,40.40,0,2.18
-109.90,40.40,1,2.68
-109.90,40.40,2,2.68
-109.90,40.40,3,2.68
-109.90,40.40,4,3.08
-109.90,40.40,5,3.08
-109.90,40.60,0,2.13
-109.90,40.60,1,2.66
-109.90,40.60,2,2.66
-109.90,40.60,3,2.66
-109.90,40.60,4,3.09
-109.90,40.60,5,3.09
-109.90,40.80,0,2.05
-109.90,40.80,1,2.65
-109.90,40.80,2,2.65
-109.90,40.80,3,2.65
-109.90,40.80,4,3.09
-109.90,40.80,5,3.09
-109.90,41.00,0,1.94
-109.90,41.00,1,2.58
-109.90,41.00,2,2.58
-109.90,41.00,3,2.58
-109.90,41.00,4,3.11
-109.90,41.00,5,3.11
-109.90,41.20,0,1.87
-109.90,41.20,1,2.52
-109.90,41.20,2,2.52
-109.90,41.20,3,2.52
-109.90,41.20,4,3.12
-109.90,41.20,5,3.12
-109.90,41.40,0,1.79
-109.90,41.40,1,2.47
-109.90,41.40,2,2.47
-109.90,41.40,3,2.47
-109.90,41.40,4,3.12
-109.90,41.40,5,3.12
-109.90,41.60,0,1.80
-109.90,41.60,1,2.34
-109.90,41.60,2,2.34
-109.90,41.60,3,2.34
-109.90,41.60,4,3.12
-109.90,41.60,5,3.12
-109.90,41.80,0,1.84
-109.90,41.80,1,2.28
-109.90,41.80,2,2.28
-109.90,41.80,3,2.28
-109.90,41.80,4,3.12
-109.90,41.80,5,3.12
-109.70,37.20,0,2.54
-109.70,37.20,1,3.06
-109.70,37.20,2,3.06
-109.70,37.20,3,3.06
-109.70,37.20,4,3.47
-109.70,37.20,5,3.47
-109.70,37.40,0,2.53
-109.70,37.40,1,3.03
-109.70,37.40,2,3.03
-109.70,37.40,3,3.03
-109.70,37.40,4,3.47
-109.70,37.40,5,3.47
-109.70,37.60,0,2.30
-109.70,37.60,1,3.07
-109.70,37.60,2,3.07
-109.70,37.60,3,3.07
-109.70,37.60,4,3.46
-109.70,37.60,5,3.46
-109.70,37.80,0,2.18
-109.70,37.80,1,3.03
-109.70,37.80,2,3.03
-109.70,37.80,3,3.03
-109.70,37.80,4,3.47
-109.70,37.80,5,3.47
-109.70,38.00,0,2.07
-109.70,38.00,1,3.00
-109.70,38.00,2,3.00
-109.70,38.00,3,3.00
-109.70,38.00,4,3.48
-109.70,38.00,5,3.48
-109.70,38.20,0,2.05
-109.70,38.20,1,2.94
-109.70,38.20,2,2.94
-109.70,38.20,3,2.94
-109.70,38.20,4,3.49
-109.70,38.20,5,3.49
-109.70,38.40,0,2.08
-109.70,38.40,1,2.93
-109.70,38.40,2,2.93
-109.70,38.40,3,2.93
-109.70,38.40,4,3.48
-109.70,38.40,5,3.48
-109.70,38.60,0,2.12
-109.70,38.60,1,2.94
-109.70,38.60,2,2.94
-109.70,38.60,3,2.94
-109.70,38.60,4,3.47
-109.70,38.60,5,3.47
-109.70,38.80,0,2.21
-109.70,38.80,1,2.92
-109.70,38.80,2,2.92
-109.70,38.80,3,2.92
-109.70,38.80,4,3.46
-109.70,38.80,5,3.46
-109.70,39.00,0,2.21
-109.70,39.00,1,2.94
-109.70,39.00,2,2.94
-109.70,39.00,3,2.94
-109.70,39.00,4,3.42
-109.70,39.00,5,3.42
-109.70,39.20,0,2.25
-109.70,39.20,1,2.90
-109.70,39.20,2,2.90
-109.70,39.20,3,2.90
-109.70,39.20,4,3.39
-109.70,39.20,5,3.39
-109.70,39.40,0,2.28
-109.70,39.40,1,2.85
-109.70,39.40,2,2.85
-109.70,39.40,3,2.85
-109.70,39.40,4,3.34
-109.70,39.40,5,3.34
-109.70,39.60,0,2.21
-109.70,39.60,1,2.77
-109.70,39.60,2,2.77
-109.70,39.60,3,2.77
-109.70,39.60,4,3.29
-109.70,39.60,5,3.29
-109.70,39.80,0,2.16
-109.70,39.80,1,2.70
-109.70,39.80,2,2.70
-109.70,39.80,3,2.70
-109.70,39.80,4,3.24
-109.70,39.80,5,3.24
-109.70,40.00,0,2.17
-109.70,40.00,1,2.64
-109.70,40.00,2,2.64
-109.70,40.00,3,2.64
-109.70,40.00,4,3.18
-109.70,40.00,5,3.18
-109.70,40.20,0,2.13
-109.70,40.20,1,2.68
-109.70,40.20,2,2.68
-109.70,40.20,3,2.68
-109.70,40.20,4,3.14
-109.70,40.20,5,3.14
-109.70,40.40,0,2.13
-109.70,40.40,1,2.71
-109.70,40.40,2,2.71
-109.70,40.40,3,2.71
-109.70,40.40,4,3.12
-109.70,40.40,5,3.12
-109.70,40.60,0,2.13
-109.70,40.60,1,2.70
-109.70,40.60,2,2.70
-109.70,40.60,3,2.70
-109.70,40.60,4,3.11
-109.70,40.60,5,3.11
-109.70,40.80,0,2.06
-109.70,40.80,1,2.72
-109.70,40.80,2,2.72
-109.70,40.80,3,2.72
-109.70,40.80,4,3.10
-109.70,40.80,5,3.10
-109.70,41.00,0,2.01
-109.70,41.00,1,2.67
-109.70,41.00,2,2.67
-109.70,41.00,3,2.67
-109.70,41.00,4,3.11
-109.70,41.00,5,3.11
-109.70,41.20,0,1.95
-109.70,41.20,1,2.58
-109.70,41.20,2,2.58
-109.70,41.20,3,2.58
-109.70,41.20,4,3.12
-109.70,41.20,5,3.12
-109.70,41.40,0,1.89
-109.70,41.40,1,2.48
-109.70,41.40,2,2.48
-109.70,41.40,3,2.48
-109.70,41.40,4,3.12
-109.70,41.40,5,3.12
-109.70,41.60,0,1.86
-109.70,41.60,1,2.38
-109.70,41.60,2,2.38
-109.70,41.60,3,2.38
-109.70,41.60,4,3.12
-109.70,41.60,5,3.12
-109.70,41.80,0,1.92
-109.70,41.80,1,2.23
-109.70,41.80,2,2.23
-109.70,41.80,3,2.23
-109.70,41.80,4,3.12
-109.70,41.80,5,3.12
-109.50,37.20,0,2.38
-109.50,37.20,1,3.10
-109.50,37.20,2,3.10
-109.50,37.20,3,3.10
-109.50,37.20,4,3.45
-109.50,37.20,5,3.45
-109.50,37.40,0,2.39
-109.50,37.40,1,3.03
-109.50,37.40,2,3.03
-109.50,37.40,3,3.03
-109.50,37.40,4,3.46
-109.50,37.40,5,3.46
-109.50,37.60,0,2.23
-109.50,37.60,1,3.03
-109.50,37.60,2,3.03
-109.50,37.60,3,3.03
-109.50,37.60,4,3.47
-109.50,37.60,5,3.47
-109.50,37.80,0,2.11
-109.50,37.80,1,3.01
-109.50,37.80,2,3.01
-109.50,37.80,3,3.01
-109.50,37.80,4,3.47
-109.50,37.80,5,3.47
-109.50,38.00,0,2.07
-109.50,38.00,1,2.95
-109.50,38.00,2,2.95
-109.50,38.00,3,2.95
-109.50,38.00,4,3.48
-109.50,38.00,5,3.48
-109.50,38.20,0,2.03
-109.50,38.20,1,2.90
-109.50,38.20,2,2.90
-109.50,38.20,3,2.90
-109.50,38.20,4,3.49
-109.50,38.20,5,3.49
-109.50,38.40,0,2.07
-109.50,38.40,1,2.88
-109.50,38.40,2,2.88
-109.50,38.40,3,2.88
-109.50,38.40,4,3.48
-109.50,38.40,5,3.48
-109.50,38.60,0,2.12
-109.50,38.60,1,2.90
-109.50,38.60,2,2.90
-109.50,38.60,3,2.90
-109.50,38.60,4,3.47
-109.50,38.60,5,3.47
-109.50,38.80,0,2.18
-109.50,38.80,1,2.91
-109.50,38.80,2,2.91
-109.50,38.80,3,2.91
-109.50,38.80,4,3.45
-109.50,38.80,5,3.45
-109.50,39.00,0,2.20
-109.50,39.00,1,2.91
-109.50,39.00,2,2.91
-109.50,39.00,3,2.91
-109.50,39.00,4,3.43
-109.50,39.00,5,3.43
-109.50,39.20,0,2.22
-109.50,39.20,1,2.90
-109.50,39.20,2,2.90
-109.50,39.20,3,2.90
-109.50,39.20,4,3.40
-109.50,39.20,5,3.40
-109.50,39.40,0,2.21
-109.50,39.40,1,2.85
-109.50,39.40,2,2.85
-109.50,39.40,3,2.85
-109.50,39.40,4,3.37
-109.50,39.40,5,3.37
-109.50,39.60,0,2.15
-109.50,39.60,1,2.76
-109.50,39.60,2,2.76
-109.50,39.60,3,2.76
-109.50,39.60,4,3.33
-109.50,39.60,5,3.33
-109.50,39.80,0,2.09
-109.50,39.80,1,2.68
-109.50,39.80,2,2.68
-109.50,39.80,3,2.68
-109.50,39.80,4,3.28
-109.50,39.80,5,3.28
-109.50,40.00,0,2.05
-109.50,40.00,1,2.64
-109.50,40.00,2,2.64
-109.50,40.00,3,2.64
-109.50,40.00,4,3.24
-109.50,40.00,5,3.24
-109.50,40.20,0,2.03
-109.50,40.20,1,2.67
-109.50,40.20,2,2.67
-109.50,40.20,3,2.67
-109.50,40.20,4,3.19
-109.50,40.20,5,3.19
-109.50,40.40,0,2.04
-109.50,40.40,1,2.72
-109.50,40.40,2,2.72
-109.50,40.40,3,2.72
-109.50,40.40,4,3.17
-109.50,40.40,5,3.17
-109.50,40.60,0,2.04
-109.50,40.60,1,2.76
-109.50,40.60,2,2.76
-109.50,40.60,3,2.76
-109.50,40.60,4,3.14
-109.50,40.60,5,3.14
-109.50,40.80,0,2.02
-109.50,40.80,1,2.76
-109.50,40.80,2,2.76
-109.50,40.80,3,2.76
-109.50,40.80,4,3.14
-109.50,40.80,5,3.14
-109.50,41.00,0,1.99
-109.50,41.00,1,2.75
-109.50,41.00,2,2.75
-109.50,41.00,3,2.75
-109.50,41.00,4,3.13
-109.50,41.00,5,3.13
-109.50,41.20,0,1.96
-109.50,41.20,1,2.64
-109.50,41.20,2,2.64
-109.50,41.20,3,2.64
-109.50,41.20,4,3.13
-109.50,41.20,5,3.13
-109.50,41.40,0,1.92
-109.50,41.40,1,2.55
-109.50,41.40,2,2.55
-109.50,41.40,3,2.55
-109.50,41.40,4,3.12
-109.50,41.40,5,3.12
-109.50,41.60,0,1.89
-109.50,41.60,1,2.44
-109.50,41.60,2,2.44
-109.50,41.60,3,2.44
-109.50,41.60,4,3.11
-109.50,41.60,5,3.11
-109.50,41.80,0,1.96
-109.50,41.80,1,2.30
-109.50,41.80,2,2.30
-109.50,41.80,3,2.30
-109.50,41.80,4,3.11
-109.50,41.80,5,3.11
-109.30,37.20,0,2.30
-109.30,37.20,1,3.06
-109.30,37.20,2,3.06
-109.30,37.20,3,3.06
-109.30,37.20,4,3.46
-109.30,37.20,5,3.46
-109.30,37.40,0,2.26
-109.30,37.40,1,3.00
-109.30,37.40,2,3.00
-109.30,37.40,3,3.00
-109.30,37.40,4,3.47
-109.30,37.40,5,3.47
-109.30,37.60,0,2.19
-109.30,37.60,1,2.97
-109.30,37.60,2,2.97
-109.30,37.60,3,2.97
-109.30,37.60,4,3.48
-109.30,37.60,5,3.48
-109.30,37.80,0,2.13
-109.30,37.80,1,2.95
-109.30,37.80,2,2.95
-109.30,37.80,3,2.95
-109.30,37.80,4,3.48
-109.30,37.80,5,3.48
-109.30,38.00,0,2.11
-109.30,38.00,1,2.90
-109.30,38.00,2,2.90
-109.30,38.00,3,2.90
-109.30,38.00,4,3.49
-109.30,38.00,5,3.49
-109.30,38.20,0,2.07
-109.30,38.20,1,2.89
-109.30,38.20,2,2.89
-109.30,38.20,3,2.89
-109.30,38.20,4,3.49
-109.30,38.20,5,3.49
-109.30,38.40,0,2.10
-109.30,38.40,1,2.86
-109.30,38.40,2,2.86
-109.30,38.40,3,2.86
-109.30,38.40,4,3.49
-109.30,38.40,5,3.49
-109.30,38.60,0,2.14
-109.30,38.60,1,2.89
-109.30,38.60,2,2.89
-109.30,38.60,3,2.89
-109.30,38.60,4,3.48
-109.30,38.60,5,3.48
-109.30,38.80,0,2.18
-109.30,38.80,1,2.90
-109.30,38.80,2,2.90
-109.30,38.80,3,2.90
-109.30,38.80,4,3.47
-109.30,38.80,5,3.47
-109.30,39.00,0,2.24
-109.30,39.00,1,2.87
-109.30,39.00,2,2.87
-109.30,39.00,3,2.87
-109.30,39.00,4,3.47
-109.30,39.00,5,3.47
-109.30,39.20,0,2.15
-109.30,39.20,1,2.92
-109.30,39.20,2,2.92
-109.30,39.20,3,2.92
-109.30,39.20,4,3.42
-109.30,39.20,5,3.42
-109.30,39.40,0,2.10
-109.30,39.40,1,2.84
-109.30,39.40,2,2.84
-109.30,39.40,3,2.84
-109.30,39.40,4,3.40
-109.30,39.40,5,3.40
-109.30,39.60,0,2.05
-109.30,39.60,1,2.73
-109.30,39.60,2,2.73
-109.30,39.60,3,2.73
-109.30,39.60,4,3.37
-109.30,39.60,5,3.37
-109.30,39.80,0,2.00
-109.30,39.80,1,2.65
-109.30,39.80,2,2.65
-109.30,39.80,3,2.65
-109.30,39.80,4,3.33
-109.30,39.80,5,3.33
-109.30,40.00,0,1.96
-109.30,40.00,1,2.59
-109.30,40.00,2,2.59
-109.30,40.00,3,2.59
-109.30,40.00,4,3.29
-109.30,40.00,5,3.29
-109.30,40.20,0,1.96
-109.30,40.20,1,2.63
-109.30,40.20,2,2.63
-109.30,40.20,3,2.63
-109.30,40.20,4,3.25
-109.30,40.20,5,3.25
-109.30,40.40,0,1.97
-109.30,40.40,1,2.68
-109.30,40.40,2,2.68
-109.30,40.40,3,2.68
-109.30,40.40,4,3.22
-109.30,40.40,5,3.22
-109.30,40.60,0,1.97
-109.30,40.60,1,2.73
-109.30,40.60,2,2.73
-109.30,40.60,3,2.73
-109.30,40.60,4,3.18
-109.30,40.60,5,3.18
-109.30,40.80,0,1.97
-109.30,40.80,1,2.76
-109.30,40.80,2,2.76
-109.30,40.80,3,2.76
-109.30,40.80,4,3.16
-109.30,40.80,5,3.16
-109.30,41.00,0,1.95
-109.30,41.00,1,2.75
-109.30,41.00,2,2.75
-109.30,41.00,3,2.75
-109.30,41.00,4,3.16
-109.30,41.00,5,3.16
-109.30,41.20,0,1.95
-109.30,41.20,1,2.70
-109.30,41.20,2,2.70
-109.30,41.20,3,2.70
-109.30,41.20,4,3.14
-109.30,41.20,5,3.14
-109.30,41.40,0,1.93
-109.30,41.40,1,2.60
-109.30,41.40,2,2.60
-109.30,41.40,3,2.60
-109.30,41.40,4,3.12
-109.30,41.40,5,3.12
-109.30,41.60,0,1.90
-109.30,41.60,1,2.50
-109.30,41.60,2,2.50
-109.30,41.60,3,2.50
-109.30,41.60,4,3.11
-109.30,41.60,5,3.11
-109.30,41.80,0,1.95
-109.30,41.80,1,2.38
-109.30,41.80,2,2.38
-109.30,41.80,3,2.38
-109.30,41.80,4,3.10
-109.30,41.80,5,3.10
-109.10,37.20,0,2.23
-109.10,37.20,1,2.99
-109.10,37.20,2,2.99
-109.10,37.20,3,2.99
-109.10,37.20,4,3.47
-109.10,37.20,5,3.47
-109.10,37.40,0,2.20
-109.10,37.40,1,2.94
-109.10,37.40,2,2.94
-109.10,37.40,3,2.94
-109.10,37.40,4,3.48
-109.10,37.40,5,3.48
-109.10,37.60,0,2.18
-109.10,37.60,1,2.93
-109.10,37.60,2,2.93
-109.10,37.60,3,2.93
-109.10,37.60,4,3.48
-109.10,37.60,5,3.48
-109.10,37.80,0,2.14
-109.10,37.80,1,2.93
-109.10,37.80,2,2.93
-109.10,37.80,3,2.93
-109.10,37.80,4,3.47
-109.10,37.80,5,3.47
-109.10,38.00,0,2.13
-109.10,38.00,1,2.90
-109.10,38.00,2,2.90
-109.10,38.00,3,2.90
-109.10,38.00,4,3.48
-109.10,38.00,5,3.48
-109.10,38.20,0,2.14
-109.10,38.20,1,2.91
-109.10,38.20,2,2.91
-109.10,38.20,3,2.91
-109.10,38.20,4,3.47
-109.10,38.20,5,3.47
-109.10,38.40,0,2.16
-109.10,38.40,1,2.89
-109.10,38.40,2,2.89
-109.10,38.40,3,2.89
-109.10,38.40,4,3.48
-109.10,38.40,5,3.48
-109.10,38.60,0,2.17
-109.10,38.60,1,2.92
-109.10,38.60,2,2.92
-109.10,38.60,3,2.92
-109.10,38.60,4,3.48
-109.10,38.60,5,3.48
-109.10,38.80,0,2.21
-109.10,38.80,1,2.89
-109.10,38.80,2,2.89
-109.10,38.80,3,2.89
-109.10,38.80,4,3.49
-109.10,38.80,5,3.49
-109.10,39.00,0,2.24
-109.10,39.00,1,2.85
-109.10,39.00,2,2.85
-109.10,39.00,3,2.85
-109.10,39.00,4,3.50
-109.10,39.00,5,3.50
-109.10,39.20,0,2.13
-109.10,39.20,1,2.90
-109.10,39.20,2,2.90
-109.10,39.20,3,2.90
-109.10,39.20,4,3.45
-109.10,39.20,5,3.45
-109.10,39.40,0,2.07
-109.10,39.40,1,2.81
-109.10,39.40,2,2.81
-109.10,39.40,3,2.81
-109.10,39.40,4,3.43
-109.10,39.40,5,3.43
-109.10,39.60,0,2.00
-109.10,39.60,1,2.68
-109.10,39.60,2,2.68
-109.10,39.60,3,2.68
-109.10,39.60,4,3.41
-109.10,39.60,5,3.41
-109.10,39.80,0,1.93
-109.10,39.80,1,2.59
-109.10,39.80,2,2.59
-109.10,39.80,3,2.59
-109.10,39.80,4,3.36
-109.10,39.80,5,3.36
-109.10,40.00,0,1.87
-109.10,40.00,1,2.52
-109.10,40.00,2,2.52
-109.10,40.00,3,2.52
-109.10,40.00,4,3.32
-109.10,40.00,5,3.32
-109.10,40.20,0,1.87
-109.10,40.20,1,2.53
-109.10,40.20,2,2.53
-109.10,40.20,3,2.53
-109.10,40.20,4,3.29
-109.10,40.20,5,3.29
-109.10,40.40,0,1.88
-109.10,40.40,1,2.57
-109.10,40.40,2,2.57
-109.10,40.40,3,2.57
-109.10,40.40,4,3.26
-109.10,40.40,5,3.26
-109.10,40.60,0,1.91
-109.10,40.60,1,2.61
-109.10,40.60,2,2.61
-109.10,40.60,3,2.61
-109.10,40.60,4,3.22
-109.10,40.60,5,3.22
-109.10,40.80,0,1.92
-109.10,40.80,1,2.68
-109.10,40.80,2,2.68
-109.10,40.80,3,2.68
-109.10,40.80,4,3.19
-109.10,40.80,5,3.19
-109.10,41.00,0,1.92
-109.10,41.00,1,2.67
-109.10,41.00,2,2.67
-109.10,41.00,3,2.67
-109.10,41.00,4,3.17
-109.10,41.00,5,3.17
-109.10,41.20,0,1.92
-109.10,41.20,1,2.66
-109.10,41.20,2,2.66
-109.10,41.20,3,2.66
-109.10,41.20,4,3.14
-109.10,41.20,5,3.14
-109.10,41.40,0,1.92
-109.10,41.40,1,2.59
-109.10,41.40,2,2.59
-109.10,41.40,3,2.59
-109.10,41.40,4,3.12
-109.10,41.40,5,3.12
-109.10,41.60,0,1.91
-109.10,41.60,1,2.52
-109.10,41.60,2,2.52
-109.10,41.60,3,2.52
-109.10,41.60,4,3.11
-109.10,41.60,5,3.11
-109.10,41.80,0,1.94
-109.10,41.80,1,2.41
-109.10,41.80,2,2.41
-109.10,41.80,3,2.41
-109.10,41.80,4,3.10
-109.10,41.80,5,3.10
